Image_Name,Wrinkles,Freakles,Glasses,Hair_color,Hair_top
emotionet_5_third_50000_100012.jpg,1,0,0,2,2
emotionet_5_third_50000_100015.jpg,0,0,0,1,2
emotionet_5_third_50000_100029.jpg,0,0,0,0,2
emotionet_5_third_50000_100052.jpg,0,0,0,1,2
emotionet_5_third_50000_100055.jpg,0,0,0,0,2
emotionet_5_third_50000_100060.jpg,0,0,0,0,2
emotionet_5_third_50000_100069.jpg,0,0,0,0,2
emotionet_5_third_50000_100084.jpg,0,0,0,1,2
emotionet_5_third_50000_100131.jpg,0,0,0,0,2
emotionet_5_third_50000_100136.jpg,0,0,0,6,2
emotionet_5_third_50000_100138.jpg,0,0,0,1,2
emotionet_5_third_50000_100171.jpg,0,0,0,0,2
emotionet_5_third_50000_100176.jpg,0,0,0,0,2
emotionet_5_third_50000_100195.jpg,0,1,0,3,0
emotionet_5_third_50000_100253.jpg,0,0,0,0,0
emotionet_5_third_50000_100254.jpg,0,0,0,8,2
emotionet_5_third_50000_100261.jpg,0,0,0,1,2
emotionet_5_third_50000_100266.jpg,0,0,0,3,2
emotionet_5_third_50000_100339.jpg,0,0,0,3,2
emotionet_5_third_50000_100342.jpg,0,0,0,0,2
emotionet_5_third_50000_100370.jpg,0,0,0,3,2
emotionet_5_third_50000_100393.jpg,0,0,0,1,1
emotionet_5_third_50000_100394.jpg,0,0,0,0,2
emotionet_5_third_50000_100433.jpg,0,0,0,0,2
emotionet_5_third_50000_100434.jpg,0,0,0,3,2
emotionet_5_third_50000_100474.jpg,0,0,0,0,2
emotionet_5_third_50000_100510.jpg,0,0,0,1,1
emotionet_5_third_50000_100522.jpg,0,0,0,1,2
emotionet_5_third_50000_100531.JPG,0,0,0,0,0
emotionet_5_third_50000_100557.jpg,0,0,0,1,2
emotionet_5_third_50000_100586.jpg,0,0,0,6,2
emotionet_5_third_50000_100640.jpg,0,0,0,3,2
emotionet_5_third_50000_100691.jpg,0,0,0,1,2
emotionet_5_third_50000_100696.jpg,0,0,0,1,0
emotionet_5_third_50000_100698.jpg,0,0,0,3,2
emotionet_5_third_50000_100711.jpg,1,0,0,6,2
emotionet_5_third_50000_100716.jpg,0,0,0,3,2
emotionet_5_third_50000_100723.jpg,0,0,0,0,2
emotionet_5_third_50000_100758.jpg,0,0,0,6,2
emotionet_5_third_50000_100763.jpg,0,0,0,0,2
emotionet_5_third_50000_100801.jpg,0,0,0,1,0
emotionet_5_third_50000_100962.jpg,0,0,0,7,2
emotionet_5_third_50000_101040.jpg,0,0,0,1,0
emotionet_5_third_50000_101047.jpg,0,0,0,8,3
emotionet_5_third_50000_101123.jpg,0,0,0,1,3
emotionet_5_third_50000_101124.jpg,0,1,0,1,2
emotionet_5_third_50000_101164.jpeg,0,1,0,1,2
emotionet_5_third_50000_101187.jpg,0,0,0,1,1
emotionet_5_third_50000_101189.jpg,0,0,0,0,2
emotionet_5_third_50000_101234.jpg,0,0,0,6,2
emotionet_5_third_50000_101310.jpg,0,0,0,1,1
emotionet_5_third_50000_101317.jpg,0,0,0,1,2
emotionet_5_third_50000_101319.jpg,0,0,0,1,2
emotionet_5_third_50000_101327.jpeg,0,0,0,1,2
emotionet_5_third_50000_101350.jpg,0,0,0,1,2
emotionet_5_third_50000_101357.jpg,0,0,0,0,0
emotionet_5_third_50000_101381.jpg,0,1,0,0,2
emotionet_5_third_50000_101386.jpg,0,0,0,1,2
emotionet_5_third_50000_101426.jpg,0,0,0,3,1
emotionet_5_third_50000_101466.jpg,0,0,1,1,1
emotionet_5_third_50000_101542.jpg,0,0,0,0,2
emotionet_5_third_50000_101545.jpg,0,0,0,0,1
emotionet_5_third_50000_101594.jpg,0,0,0,0,2
emotionet_5_third_50000_101731.jpg,0,0,0,1,2
emotionet_5_third_50000_101736.jpg,0,0,0,0,3
emotionet_5_third_50000_101778.jpg,0,0,0,1,1
emotionet_5_third_50000_102095.jpg,0,0,0,1,2
emotionet_5_third_50000_102152.jpg,0,0,0,0,2
emotionet_5_third_50000_102155.jpg,0,0,0,0,2
emotionet_5_third_50000_102160.jpg,0,0,0,7,2
emotionet_5_third_50000_102167.jpg,0,0,1,3,1
emotionet_5_third_50000_102169.jpg,0,0,0,3,2
emotionet_5_third_50000_102183.jpg,0,0,0,1,2
emotionet_5_third_50000_102184.jpg,0,0,0,3,2
emotionet_5_third_50000_102205.jpg,1,0,0,6,2
emotionet_5_third_50000_102239.jpg,0,1,0,6,2
emotionet_5_third_50000_102242.jpg,0,0,0,3,2
emotionet_5_third_50000_102245.jpg,0,0,0,3,2
emotionet_5_third_50000_102270.jpg,1,0,0,4,2
emotionet_5_third_50000_102277.jpg,0,0,0,0,2
emotionet_5_third_50000_102293.jpg,0,0,0,1,3
emotionet_5_third_50000_102294.jpg,0,0,0,1,2
emotionet_5_third_50000_102326.jpg,0,0,0,0,0
emotionet_5_third_50000_102328.jpg,0,0,0,1,2
emotionet_5_third_50000_102340.JPG,0,0,0,0,2
emotionet_5_third_50000_102354.jpg,0,0,0,0,2
emotionet_5_third_50000_102361.jpg,0,0,0,8,3
emotionet_5_third_50000_102366.jpg,0,0,1,1,2
emotionet_5_third_50000_102382.jpg,0,0,0,3,2
emotionet_5_third_50000_102385.jpg,0,1,0,3,2
emotionet_5_third_50000_102417.jpg,0,0,0,6,2
emotionet_5_third_50000_102422.jpg,0,0,0,0,2
emotionet_5_third_50000_102457.jpg,0,0,0,3,2
emotionet_5_third_50000_102508.jpg,0,0,0,3,2
emotionet_5_third_50000_102618.jpg,0,0,0,0,0
emotionet_5_third_50000_102623.jpg,0,0,0,0,0
emotionet_5_third_50000_102624.jpg,0,0,0,0,1
emotionet_5_third_50000_102689.jpg,0,0,1,3,1
emotionet_5_third_50000_102691.jpeg,0,0,0,1,2
emotionet_5_third_50000_102700.jpg,0,0,0,1,2
emotionet_5_third_50000_102747.jpg,0,0,0,1,2
emotionet_5_third_50000_102749.jpg,0,0,0,3,2
emotionet_5_third_50000_102796.jpg,0,0,0,1,2
emotionet_5_third_50000_102822.jpg,0,0,0,0,2
emotionet_5_third_50000_102825.jpg,0,0,0,8,3
emotionet_5_third_50000_102850.jpg,0,0,0,0,2
emotionet_5_third_50000_102857.jpg,0,0,0,1,3
emotionet_5_third_50000_102906.jpg,1,0,0,8,0
emotionet_5_third_50000_102908.jpg,0,0,0,0,0
emotionet_5_third_50000_102973.jpg,0,0,0,1,2
emotionet_5_third_50000_102974.jpg,0,0,0,3,2
emotionet_5_third_50000_102997.jpg,0,0,0,3,2
emotionet_5_third_50000_103051.jpg,0,1,0,3,2
emotionet_5_third_50000_103058.jpg,0,0,0,3,2
emotionet_5_third_50000_103063.jpg,0,0,0,0,2
emotionet_5_third_50000_103064.jpg,0,0,0,1,2
emotionet_5_third_50000_103093.JPG,0,0,0,1,2
emotionet_5_third_50000_103175.jpg,0,0,0,1,2
emotionet_5_third_50000_103191.jpg,0,0,0,1,2
emotionet_5_third_50000_103219.jpg,0,0,0,1,2
emotionet_5_third_50000_103257.jpg,1,0,0,3,3
emotionet_5_third_50000_103265.jpg,0,0,0,3,1
emotionet_5_third_50000_103333.jpg,0,0,0,1,2
emotionet_5_third_50000_103334.jpg,0,0,0,4,2
emotionet_5_third_50000_103374.jpg,0,0,0,1,2
emotionet_5_third_50000_103390.jpg,0,0,0,0,0
emotionet_5_third_50000_103399.jpg,0,0,0,3,2
emotionet_5_third_50000_103402.jpg,0,0,0,3,2
emotionet_5_third_50000_103405.jpg,0,0,0,0,0
emotionet_5_third_50000_103445.jpg,0,0,0,1,1
emotionet_5_third_50000_103561.jpg,0,0,0,3,2
emotionet_5_third_50000_103566.jpg,0,0,0,3,2
emotionet_5_third_50000_103568.jpg,0,0,0,1,2
emotionet_5_third_50000_103603.jpg,0,0,0,6,2
emotionet_5_third_50000_103636.jpg,0,0,0,0,1
emotionet_5_third_50000_103671.jpg,0,0,0,0,0
emotionet_5_third_50000_103729.jpg,0,0,0,0,2
emotionet_5_third_50000_103830.jpg,0,0,0,0,0
emotionet_5_third_50000_103837.jpg,0,0,0,0,2
emotionet_5_third_50000_103839.jpg,0,0,0,0,2
emotionet_5_third_50000_103842.jpg,0,0,0,3,2
emotionet_5_third_50000_103845.jpg,0,0,0,0,2
emotionet_5_third_50000_103953.jpg,0,0,0,2,2
emotionet_5_third_50000_103966.jpg,1,0,1,5,1
emotionet_5_third_50000_104013.jpg,0,0,0,1,2
emotionet_5_third_50000_104021.jpg,0,0,0,1,2
emotionet_5_third_50000_104028.jpg,0,0,0,3,1
emotionet_5_third_50000_104035.JPG,0,0,0,3,2
emotionet_5_third_50000_104082.jpg,0,0,0,0,2
emotionet_5_third_50000_104102.jpg,0,0,0,0,1
emotionet_5_third_50000_104130.jpg,0,0,0,6,2
emotionet_5_third_50000_104179.jpg,0,0,0,5,2
emotionet_5_third_50000_104212.jpg,0,0,0,1,2
emotionet_5_third_50000_104215.jpg,0,0,0,3,2
emotionet_5_third_50000_104220.jpg,0,0,0,0,2
emotionet_5_third_50000_104227.jpg,0,0,0,6,2
emotionet_5_third_50000_104260.jpg,0,0,0,3,2
emotionet_5_third_50000_104269.jpg,1,0,0,5,2
emotionet_5_third_50000_104304.jpg,0,0,0,0,2
emotionet_5_third_50000_104331.jpg,0,0,0,1,2
emotionet_5_third_50000_104336.jpg,0,0,0,5,2
emotionet_5_third_50000_104338.jpg,0,0,1,0,2
emotionet_5_third_50000_104344.jpg,0,0,0,0,0
emotionet_5_third_50000_104432.jpg,0,0,0,1,2
emotionet_5_third_50000_104435.jpg,0,0,1,1,3
emotionet_5_third_50000_104447.jpg,0,0,0,0,0
emotionet_5_third_50000_104449.jpg,0,0,0,1,2
emotionet_5_third_50000_104472.jpg,0,0,0,5,2
emotionet_5_third_50000_104491.jpg,0,0,0,8,3
emotionet_5_third_50000_104498.jpg,0,1,0,0,2
emotionet_5_third_50000_104516.jpg,0,0,0,1,2
emotionet_5_third_50000_104587.jpg,0,0,0,3,2
emotionet_5_third_50000_104641.jpg,0,0,0,5,2
emotionet_5_third_50000_104674.jpg,0,0,1,1,2
emotionet_5_third_50000_104750.jpg,0,0,0,1,3
emotionet_5_third_50000_104757.jpg,0,0,0,1,2
emotionet_5_third_50000_104759.jpg,0,0,0,1,2
emotionet_5_third_50000_104765.jpg,0,0,0,1,2
emotionet_5_third_50000_104781.jpg,0,0,2,6,2
emotionet_5_third_50000_104788.jpg,0,0,0,3,2
emotionet_5_third_50000_104800.jpg,0,0,2,1,2
emotionet_5_third_50000_104832.jpg,1,0,0,3,2
emotionet_5_third_50000_104835.jpg,0,0,0,1,2
emotionet_5_third_50000_104847.jpg,0,0,0,3,2
emotionet_5_third_50000_104849.jpg,0,0,0,0,2
emotionet_5_third_50000_104891.jpg,0,0,0,1,2
emotionet_5_third_50000_104896.jpg,0,0,0,0,1
emotionet_5_third_50000_104898.jpg,0,0,0,5,2
emotionet_5_third_50000_104958.jpg,0,0,0,1,2
emotionet_5_third_50000_104963.jpg,0,0,0,8,3
emotionet_5_third_50000_104964.jpg,0,0,0,3,2
emotionet_5_third_50000_104989.jpg,0,0,0,0,2
emotionet_5_third_50000_105041.jpg,0,0,0,5,1
emotionet_5_third_50000_105099.jpg,0,0,0,0,0
emotionet_5_third_50000_105117.jpg,0,0,0,1,2
emotionet_5_third_50000_105119.jpg,0,0,0,0,2
emotionet_5_third_50000_105125.jpg,0,0,0,8,0
emotionet_5_third_50000_105159.jpg,0,0,0,0,2
emotionet_5_third_50000_105162.jpg,0,0,0,1,2
emotionet_5_third_50000_105165.jpg,0,0,0,0,1
emotionet_5_third_50000_105207.jpg,0,0,0,1,2
emotionet_5_third_50000_105210.jpeg,0,0,0,1,2
emotionet_5_third_50000_105356.jpg,0,0,0,3,2
emotionet_5_third_50000_105358.jpg,0,0,1,1,2
emotionet_5_third_50000_105389.jpg,0,0,0,0,2
emotionet_5_third_50000_105455.jpg,0,0,0,1,1
emotionet_5_third_50000_105484.jpg,0,0,1,6,2
emotionet_5_third_50000_105503.jpg,0,0,0,6,2
emotionet_5_third_50000_105544.jpg,0,0,0,1,2
emotionet_5_third_50000_105576.jpg,0,1,0,3,2
emotionet_5_third_50000_105607.JPG,0,0,0,3,2
emotionet_5_third_50000_105613.jpg,0,0,0,3,2
emotionet_5_third_50000_105614.jpg,0,0,0,3,2
emotionet_5_third_50000_105793.jpg,0,1,0,3,1
emotionet_5_third_50000_105794.jpg,0,0,0,0,2
emotionet_5_third_50000_105815.jpg,0,0,0,1,2
emotionet_5_third_50000_105820.jpg,0,0,0,3,2
emotionet_5_third_50000_105827.jpg,0,0,0,5,3
emotionet_5_third_50000_105883.jpg,0,1,0,2,2
emotionet_5_third_50000_105904.jpg,0,0,0,0,2
emotionet_5_third_50000_105936.jpg,0,0,0,1,2
emotionet_5_third_50000_105971.jpg,0,0,2,0,2
emotionet_5_third_50000_105976.jpg,0,1,0,1,3
emotionet_5_third_50000_106002.jpg,0,0,0,1,2
emotionet_5_third_50000_106079.jpg,0,0,0,3,2
emotionet_5_third_50000_106128.jpg,0,0,0,3,2
emotionet_5_third_50000_106168.jpg,0,0,0,1,1
emotionet_5_third_50000_106182.jpg,0,0,0,1,2
emotionet_5_third_50000_106185.jpg,0,0,0,1,1
emotionet_5_third_50000_106292.jpg,0,0,0,3,2
emotionet_5_third_50000_106312.jpg,0,0,0,2,2
emotionet_5_third_50000_106315.jpg,0,0,0,0,2
emotionet_5_third_50000_106342.jpeg,1,0,0,5,2
emotionet_5_third_50000_106360.jpg,1,1,0,1,2
emotionet_5_third_50000_106367.jpg,0,0,0,0,2
emotionet_5_third_50000_106369.jpg,0,0,0,1,2
emotionet_5_third_50000_106411.jpg,0,0,0,0,2
emotionet_5_third_50000_106416.jpg,0,0,0,1,2
emotionet_5_third_50000_106418.jpg,0,0,0,1,2
emotionet_5_third_50000_106463.jpg,1,0,0,2,1
emotionet_5_third_50000_106509.jpg,0,0,0,3,2
emotionet_5_third_50000_106535.jpg,0,0,2,3,2
emotionet_5_third_50000_106540.jpg,1,0,1,5,2
emotionet_5_third_50000_106549.jpg,0,0,0,1,2
emotionet_5_third_50000_106619.jpg,0,0,0,0,2
emotionet_5_third_50000_106622.jpg,0,0,0,1,2
emotionet_5_third_50000_106625.jpg,0,0,0,0,2
emotionet_5_third_50000_106650.jpg,0,0,0,1,2
emotionet_5_third_50000_106657.jpg,1,0,0,6,2
emotionet_5_third_50000_106659.jpg,0,0,0,1,3
emotionet_5_third_50000_106681.jpg,0,0,0,3,3
emotionet_5_third_50000_106701.jpg,0,0,0,1,2
emotionet_5_third_50000_106706.jpg,0,0,0,1,1
emotionet_5_third_50000_106746.jpg,0,0,0,1,1
emotionet_5_third_50000_106773.jpg,0,0,0,3,2
emotionet_5_third_50000_106774.jpg,0,0,0,1,2
emotionet_5_third_50000_106797.jpg,0,0,1,6,2
emotionet_5_third_50000_106823.jpg,1,0,0,6,2
emotionet_5_third_50000_106858.jpg,0,0,1,3,2
emotionet_5_third_50000_106863.jpg,1,0,1,5,1
emotionet_5_third_50000_106864.jpg,0,0,1,1,2
emotionet_5_third_50000_106889.jpg,0,0,0,3,2
emotionet_5_third_50000_106900.jpg,0,0,0,4,2
emotionet_5_third_50000_106907.jpg,0,0,1,6,1
emotionet_5_third_50000_106932.jpg,0,0,0,3,2
emotionet_5_third_50000_106935.jpg,0,0,0,1,2
emotionet_5_third_50000_106996.jpg,0,1,0,1,2
emotionet_5_third_50000_107022.jpg,0,0,0,6,2
emotionet_5_third_50000_107025.jpg,0,0,0,0,2
emotionet_5_third_50000_107059.jpg,1,0,0,2,3
emotionet_5_third_50000_107141.jpg,0,0,0,6,1
emotionet_5_third_50000_107146.jpg,0,1,0,1,2
emotionet_5_third_50000_107197.jpg,1,0,0,5,2
emotionet_5_third_50000_107251.jpg,0,0,0,5,1
emotionet_5_third_50000_107280.jpg,0,1,0,8,0
emotionet_5_third_50000_107307.jpg,0,0,0,3,1
emotionet_5_third_50000_107332.jpg,0,0,0,3,2
emotionet_5_third_50000_107335.jpg,0,0,0,1,2
emotionet_5_third_50000_107349.jpg,0,0,0,5,1
emotionet_5_third_50000_107403.jpg,1,0,0,2,2
emotionet_5_third_50000_107438.jpg,1,0,0,1,1
emotionet_5_third_50000_107471.jpg,1,0,0,1,1
emotionet_5_third_50000_107476.jpg,0,0,0,1,2
emotionet_5_third_50000_107478.jpg,0,1,0,0,2
emotionet_5_third_50000_107492.jpg,0,0,0,0,2
emotionet_5_third_50000_107583.jpg,0,0,0,1,1
emotionet_5_third_50000_107584.jpg,0,0,0,4,2
emotionet_5_third_50000_107642.jpg,1,0,1,2,2
emotionet_5_third_50000_107670.jpg,0,0,1,0,2
emotionet_5_third_50000_107714.jpg,0,0,0,0,2
emotionet_5_third_50000_107761.jpg,0,0,1,3,2
emotionet_5_third_50000_107803.jpg,1,0,0,5,2
emotionet_5_third_50000_107804.jpg,0,0,1,0,2
emotionet_5_third_50000_107831.jpg,0,0,0,1,2
emotionet_5_third_50000_107873.jpeg,0,0,1,3,2
emotionet_5_third_50000_107927.jpg,0,0,0,6,1
emotionet_5_third_50000_107952.jpg,0,0,0,0,2
emotionet_5_third_50000_107983.jpg,0,0,0,1,2
emotionet_5_third_50000_108008.jpg,0,0,0,1,2
emotionet_5_third_50000_108033.jpg,0,0,0,3,2
emotionet_5_third_50000_108074.jpg,0,0,0,1,2
emotionet_5_third_50000_108090.jpg,0,0,0,1,2
emotionet_5_third_50000_108097.jpg,0,1,0,0,2
emotionet_5_third_50000_108099.jpg,0,0,0,3,2
emotionet_5_third_50000_108110.jpg,0,0,0,0,2
emotionet_5_third_50000_108117.jpg,0,0,0,3,2
emotionet_5_third_50000_108119.jpg,0,0,0,3,2
emotionet_5_third_50000_108157.jpg,0,0,0,1,2
emotionet_5_third_50000_108162.jpg,0,0,0,3,2
emotionet_5_third_50000_108165.jpg,0,0,0,1,2
emotionet_5_third_50000_108186.jpg,0,0,0,1,2
emotionet_5_third_50000_108207.jpg,0,0,0,1,2
emotionet_5_third_50000_108209.jpg,0,0,0,1,2
emotionet_5_third_50000_108247.jpg,0,0,0,1,2
emotionet_5_third_50000_108452.jpg,0,0,0,1,2
emotionet_5_third_50000_108455.jpg,0,0,0,0,3
emotionet_5_third_50000_108483.jpg,0,0,0,0,2
emotionet_5_third_50000_108484.jpg,0,0,0,3,2
emotionet_5_third_50000_108503.jpg,0,0,0,4,2
emotionet_5_third_50000_108504.jpg,0,0,0,1,2
emotionet_5_third_50000_108536.jpg,0,0,0,8,3
emotionet_5_third_50000_108571.jpg,0,0,1,8,0
emotionet_5_third_50000_108576.jpg,0,1,0,1,2
emotionet_5_third_50000_108578.jpg,1,0,0,5,2
emotionet_5_third_50000_108614.jpg,0,0,0,6,2
emotionet_5_third_50000_108626.jpg,0,0,2,1,1
emotionet_5_third_50000_108666.jpg,0,0,0,6,2
emotionet_5_third_50000_108668.jpg,0,0,0,6,2
emotionet_5_third_50000_108702.jpg,0,0,0,3,2
emotionet_5_third_50000_108745.jpg,0,0,0,3,2
emotionet_5_third_50000_108793.jpg,0,0,0,3,2
emotionet_5_third_50000_108794.jpg,0,0,0,1,2
emotionet_5_third_50000_108852.jpg,0,0,0,3,2
emotionet_5_third_50000_108883.jpg,0,0,0,1,2
emotionet_5_third_50000_108884.jpg,0,1,0,0,2
emotionet_5_third_50000_108903.jpg,0,0,0,1,2
emotionet_5_third_50000_108904.jpg,0,0,0,1,1
emotionet_5_third_50000_108938.jpg,0,0,2,1,2
emotionet_5_third_50000_108943.jpg,0,0,0,8,0
emotionet_5_third_50000_108944.jpg,0,0,0,1,2
emotionet_5_third_50000_108971.jpg,0,0,0,3,2
emotionet_5_third_50000_109066.jpg,0,0,0,1,2
emotionet_5_third_50000_109082.jpg,0,0,0,3,2
emotionet_5_third_50000_109085.jpg,0,0,0,0,2
emotionet_5_third_50000_109102.jpg,1,1,2,6,2
emotionet_5_third_50000_109105.jpg,0,0,0,6,2
emotionet_5_third_50000_109142.jpg,0,0,0,6,2
emotionet_5_third_50000_109170.jpg,0,0,0,6,2
emotionet_5_third_50000_109179.jpg,0,0,0,3,2
emotionet_5_third_50000_109193.jpg,0,0,0,1,2
emotionet_5_third_50000_109229.jpg,0,0,0,3,2
emotionet_5_third_50000_109260.jpg,0,0,0,6,2
emotionet_5_third_50000_109267.jpg,0,0,0,1,2
emotionet_5_third_50000_109284.jpg,1,0,0,0,2
emotionet_5_third_50000_109331.jpg,0,0,0,1,2
emotionet_5_third_50000_109338.jpg,0,0,0,3,2
emotionet_5_third_50000_109376.jpg,0,0,0,3,2
emotionet_5_third_50000_109395.jpg,0,0,0,1,3
emotionet_5_third_50000_109407.jpg,0,0,0,3,2
emotionet_5_third_50000_109432.jpg,0,0,0,1,2
emotionet_5_third_50000_109435.jpg,0,0,0,1,2
emotionet_5_third_50000_109447.jpg,0,0,0,1,2
emotionet_5_third_50000_109486.jpeg,0,0,0,1,2
emotionet_5_third_50000_109498.jpg,0,0,0,0,2
emotionet_5_third_50000_109511.jpg,0,0,0,1,2
emotionet_5_third_50000_109516.jpg,0,0,0,1,2
emotionet_5_third_50000_109518.jpg,0,0,0,1,2
emotionet_5_third_50000_109601.jpg,0,0,0,0,2
emotionet_5_third_50000_109606.jpg,0,0,0,1,2
emotionet_5_third_50000_109648.jpg,0,0,0,1,2
emotionet_5_third_50000_109663.jpeg,0,0,0,3,2
emotionet_5_third_50000_109674.jpg,0,0,0,1,2
emotionet_5_third_50000_109781.jpg,0,0,0,0,2
emotionet_5_third_50000_109872.jpg,0,0,0,1,2
emotionet_5_third_50000_109875.jpg,0,0,1,8,3
emotionet_5_third_50000_109891.jpg,0,0,0,0,2
emotionet_5_third_50000_109911.jpg,0,0,0,1,2
emotionet_5_third_50000_109951.jpg,0,1,0,1,2
emotionet_5_third_50000_109963.jpg,0,0,0,8,3
emotionet_5_third_50000_110005.jpg,0,0,0,0,2
emotionet_5_third_50000_110042.jpg,0,0,0,0,2
emotionet_5_third_50000_110045.jpg,0,1,0,1,2
emotionet_5_third_50000_110153.jpg,0,0,0,1,2
emotionet_5_third_50000_110159.jpeg,0,1,0,0,2
emotionet_5_third_50000_110166.jpg,0,0,0,7,2
emotionet_5_third_50000_110182.jpg,0,0,0,8,3
emotionet_5_third_50000_110185.jpg,0,0,0,4,2
emotionet_5_third_50000_110196.JPG,0,0,0,1,2
emotionet_5_third_50000_110225.JPG,0,0,0,1,2
emotionet_5_third_50000_110244.jpg,0,1,0,3,2
emotionet_5_third_50000_110315.jpg,0,0,0,1,2
emotionet_5_third_50000_110352.jpg,0,0,0,3,2
emotionet_5_third_50000_110355.jpg,0,0,0,0,2
emotionet_5_third_50000_110369.jpg,0,0,0,3,2
emotionet_5_third_50000_110411.jpg,0,0,0,3,2
emotionet_5_third_50000_110416.jpg,0,0,0,3,2
emotionet_5_third_50000_110463.jpg,0,0,0,0,2
emotionet_5_third_50000_110500.jpg,0,0,0,8,3
emotionet_5_third_50000_110507.jpg,0,0,0,3,2
emotionet_5_third_50000_110547.jpg,0,0,1,0,2
emotionet_5_third_50000_110549.jpg,0,0,1,3,2
emotionet_5_third_50000_110590.jpeg,0,0,1,1,2
emotionet_5_third_50000_110591.jpg,1,0,0,1,2
emotionet_5_third_50000_110622.jpg,0,0,0,0,2
emotionet_5_third_50000_110659.jpg,0,0,1,5,1
emotionet_5_third_50000_110706.jpg,0,0,0,3,2
emotionet_5_third_50000_110748.jpg,0,0,0,2,2
emotionet_5_third_50000_110774.jpg,0,0,0,1,2
emotionet_5_third_50000_110799.jpg,1,0,1,5,2
emotionet_5_third_50000_110816.jpg,0,0,0,3,2
emotionet_5_third_50000_110850.jpeg,0,0,0,1,2
emotionet_5_third_50000_110880.jpg,1,0,0,0,2
emotionet_5_third_50000_110887.jpg,0,0,0,0,2
emotionet_5_third_50000_110888.jpeg,0,0,0,1,2
emotionet_5_third_50000_110940.jpg,0,0,0,6,2
emotionet_5_third_50000_110972.jpg,0,0,0,1,2
emotionet_5_third_50000_111010.jpg,0,0,0,3,2
emotionet_5_third_50000_111108.jpg,0,0,0,1,2
emotionet_5_third_50000_111223.jpg,0,0,0,3,2
emotionet_5_third_50000_111224.jpg,0,0,0,3,2
emotionet_5_third_50000_111251.jpg,0,0,0,3,2
emotionet_5_third_50000_111258.jpg,0,0,0,1,2
emotionet_5_third_50000_111300.jpg,0,0,0,3,2
emotionet_5_third_50000_111307.jpg,0,0,0,1,2
emotionet_5_third_50000_111309.jpg,0,0,1,8,0
emotionet_5_third_50000_111347.jpg,0,0,0,1,2
emotionet_5_third_50000_111375.jpg,0,0,0,1,2
emotionet_5_third_50000_111396.jpg,0,0,0,0,2
emotionet_5_third_50000_111422.JPG,0,0,1,1,2
emotionet_5_third_50000_111476.jpg,0,0,0,1,2
emotionet_5_third_50000_111478.jpg,0,0,0,1,2
emotionet_5_third_50000_111529.jpg,0,0,0,3,2
emotionet_5_third_50000_111552.jpg,0,0,0,0,2
emotionet_5_third_50000_111569.jpg,0,0,0,3,2
emotionet_5_third_50000_111602.jpg,0,0,0,0,2
emotionet_5_third_50000_111605.jpg,0,0,0,1,2
emotionet_5_third_50000_111630.jpg,0,0,0,1,2
emotionet_5_third_50000_111637.jpg,0,0,0,0,2
emotionet_5_third_50000_111639.jpg,0,0,0,3,2
emotionet_5_third_50000_111642.jpg,0,0,0,1,2
emotionet_5_third_50000_111645.jpg,0,0,0,1,2
emotionet_5_third_50000_111713.jpg,1,0,0,3,2
emotionet_5_third_50000_111726.jpg,0,0,0,3,2
emotionet_5_third_50000_111761.jpg,0,0,0,3,2
emotionet_5_third_50000_111766.jpg,0,0,0,3,2
emotionet_5_third_50000_111768.jpg,0,0,0,1,2
emotionet_5_third_50000_111803.jpg,0,1,0,1,1
emotionet_5_third_50000_111804.jpg,0,0,0,1,2
emotionet_5_third_50000_111871.jpg,0,0,0,3,2
emotionet_5_third_50000_111929.jpg,0,0,0,7,2
emotionet_5_third_50000_111952.jpg,0,1,0,8,0
emotionet_5_third_50000_112066.jpg,0,0,1,1,1
emotionet_5_third_50000_112177.jpg,0,0,0,3,2
emotionet_5_third_50000_112179.jpg,0,0,0,1,2
emotionet_5_third_50000_112193.jpg,0,0,0,3,3
emotionet_5_third_50000_112215.jpg,0,0,0,1,2
emotionet_5_third_50000_112267.jpg,0,0,0,3,2
emotionet_5_third_50000_112325.JPG,0,0,0,6,2
emotionet_5_third_50000_112331.jpg,0,0,0,6,2
emotionet_5_third_50000_112338.jpg,0,0,0,1,3
emotionet_5_third_50000_112343.jpg,0,0,0,8,3
emotionet_5_third_50000_112344.jpg,1,0,0,2,2
emotionet_5_third_50000_112376.jpg,0,0,0,1,2
emotionet_5_third_50000_112392.jpg,0,0,1,3,2
emotionet_5_third_50000_112407.jpg,0,0,0,1,2
emotionet_5_third_50000_112447.jpg,0,0,0,1,2
emotionet_5_third_50000_112449.jpg,1,0,0,1,2
emotionet_5_third_50000_112491.jpg,0,0,0,0,2
emotionet_5_third_50000_112496.jpg,0,0,0,1,2
emotionet_5_third_50000_112498.jpg,0,0,0,1,2
emotionet_5_third_50000_112516.jpg,0,0,0,1,2
emotionet_5_third_50000_112518.jpg,1,1,0,5,2
emotionet_5_third_50000_112633.jpg,0,0,0,7,2
emotionet_5_third_50000_112634.jpg,0,0,0,1,2
emotionet_5_third_50000_112674.jpg,0,0,1,3,2
emotionet_5_third_50000_112699.jpg,0,0,0,1,2
emotionet_5_third_50000_112710.jpg,0,0,0,1,1
emotionet_5_third_50000_112722.jpg,0,0,0,1,3
emotionet_5_third_50000_112750.jpg,0,0,0,3,2
emotionet_5_third_50000_112891.jpg,0,0,1,6,1
emotionet_5_third_50000_112956.jpg,0,0,0,1,2
emotionet_5_third_50000_113033.jpg,0,0,1,0,2
emotionet_5_third_50000_113041.jpg,0,0,0,1,1
emotionet_5_third_50000_113052.JPG,0,0,0,1,2
emotionet_5_third_50000_113074.jpg,0,0,0,1,2
emotionet_5_third_50000_113097.jpg,0,0,0,0,0
emotionet_5_third_50000_113110.jpg,0,0,0,3,1
emotionet_5_third_50000_113119.jpg,0,0,0,8,0
emotionet_5_third_50000_113150.jpg,0,0,0,1,2
emotionet_5_third_50000_113186.jpg,0,1,0,0,2
emotionet_5_third_50000_113200.jpg,0,0,0,1,2
emotionet_5_third_50000_113247.jpg,0,0,0,1,2
emotionet_5_third_50000_113272.jpg,0,0,0,0,2
emotionet_5_third_50000_113275.jpg,0,0,0,1,1
emotionet_5_third_50000_113351.jpg,1,0,0,3,2
emotionet_5_third_50000_113364.jpg,0,0,0,2,3
emotionet_5_third_50000_113380.jpg,0,0,0,8,0
emotionet_5_third_50000_113387.jpg,0,0,0,1,2
emotionet_5_third_50000_113389.jpg,1,0,0,3,2
emotionet_5_third_50000_113406.jpeg,1,0,0,4,2
emotionet_5_third_50000_113455.jpg,0,0,0,1,2
emotionet_5_third_50000_113483.jpg,0,0,0,0,2
emotionet_5_third_50000_113531.jpg,0,0,0,3,2
emotionet_5_third_50000_113571.jpg,0,0,1,5,2
emotionet_5_third_50000_113576.jpg,0,0,0,1,2
emotionet_5_third_50000_113578.jpg,0,0,0,0,2
emotionet_5_third_50000_113614.jpg,0,0,0,0,2
emotionet_5_third_50000_113621.jpg,0,0,0,1,2
emotionet_5_third_50000_113666.jpg,0,0,0,0,2
emotionet_5_third_50000_113668.jpg,0,0,0,8,3
emotionet_5_third_50000_113705.jpg,0,0,0,1,2
emotionet_5_third_50000_113820.jpg,0,0,0,6,2
emotionet_5_third_50000_113827.jpg,0,0,0,1,2
emotionet_5_third_50000_113829.jpg,1,0,0,1,3
emotionet_5_third_50000_113884.jpg,0,0,0,1,2
emotionet_5_third_50000_113938.jpg,0,0,0,1,1
emotionet_5_third_50000_113943.jpg,0,0,0,1,1
emotionet_5_third_50000_113978.jpg,0,0,0,0,2
emotionet_5_third_50000_113992.jpg,0,0,0,1,2
emotionet_5_third_50000_114031.jpg,0,0,0,0,2
emotionet_5_third_50000_114277.jpg,0,0,0,1,2
emotionet_5_third_50000_114279.jpg,0,0,0,1,2
emotionet_5_third_50000_114313.jpg,0,0,0,0,2
emotionet_5_third_50000_114314.jpg,0,0,0,1,2
emotionet_5_third_50000_114326.jpg,0,0,0,1,2
emotionet_5_third_50000_114328.jpg,0,0,0,3,2
emotionet_5_third_50000_114389.jpeg,0,0,2,1,3
emotionet_5_third_50000_114391.jpeg,0,0,0,3,2
emotionet_5_third_50000_114462.jpg,0,0,0,3,2
emotionet_5_third_50000_114481.jpg,1,0,0,0,2
emotionet_5_third_50000_114486.jpg,0,0,0,1,3
emotionet_5_third_50000_114488.jpg,0,0,0,1,2
emotionet_5_third_50000_114501.jpg,1,0,0,0,2
emotionet_5_third_50000_114508.jpg,0,0,0,0,2
emotionet_5_third_50000_114574.jpg,0,0,0,1,2
emotionet_5_third_50000_114590.jpg,0,0,0,0,2
emotionet_5_third_50000_114616.jpg,0,0,0,4,2
emotionet_5_third_50000_114682.jpeg,1,0,0,5,2
emotionet_5_third_50000_114687.jpg,0,0,0,1,2
emotionet_5_third_50000_114726.JPG,0,0,0,1,3
emotionet_5_third_50000_114747.jpg,0,0,1,1,2
emotionet_5_third_50000_114772.jpg,0,0,0,1,2
emotionet_5_third_50000_114775.jpg,0,0,0,0,2
emotionet_5_third_50000_114791.jpg,0,0,0,1,2
emotionet_5_third_50000_114796.jpg,0,0,0,1,2
emotionet_5_third_50000_114798.jpg,0,0,0,3,2
emotionet_5_third_50000_114817.jpg,0,0,0,0,2
emotionet_5_third_50000_114857.jpg,0,0,0,3,2
emotionet_5_third_50000_114859.jpg,0,0,0,3,2
emotionet_5_third_50000_114886.jpg,0,0,0,1,1
emotionet_5_third_50000_114888.jpg,0,0,0,3,2
emotionet_5_third_50000_114901.jpg,0,0,0,0,2
emotionet_5_third_50000_114999.jpg,0,0,0,3,2
emotionet_5_third_50000_115024.jpg,0,0,2,1,2
emotionet_5_third_50000_115058.jpg,0,0,0,1,2
emotionet_5_third_50000_115087.jpg,0,0,0,5,2
emotionet_5_third_50000_115100.jpg,0,0,0,1,3
emotionet_5_third_50000_115107.jpg,0,1,0,0,2
emotionet_5_third_50000_115132.jpg,0,0,0,0,2
emotionet_5_third_50000_115217.jpg,0,0,0,1,2
emotionet_5_third_50000_115288.jpg,0,0,0,3,2
emotionet_5_third_50000_115341.jpg,0,0,0,1,2
emotionet_5_third_50000_115390.jpg,0,0,0,0,1
emotionet_5_third_50000_115397.jpg,0,0,0,0,2
emotionet_5_third_50000_115399.jpg,0,0,0,0,2
emotionet_5_third_50000_115437.jpg,0,0,0,1,2
emotionet_5_third_50000_115442.jpg,0,0,0,1,2
emotionet_5_third_50000_115445.jpg,0,0,0,1,2
emotionet_5_third_50000_115477.jpg,0,0,0,1,2
emotionet_5_third_50000_115493.jpg,0,0,0,1,2
emotionet_5_third_50000_115494.jpg,0,0,0,0,2
emotionet_5_third_50000_115513.jpg,0,0,0,0,2
emotionet_5_third_50000_115553.jpg,0,0,0,1,2
emotionet_5_third_50000_115554.jpg,0,0,0,1,2
emotionet_5_third_50000_115561.jpg,0,0,0,0,2
emotionet_5_third_50000_115566.jpg,0,0,0,1,2
emotionet_5_third_50000_115568.jpg,0,0,0,0,2
emotionet_5_third_50000_115582.jpg,0,0,0,1,2
emotionet_5_third_50000_115585.jpg,0,0,0,1,2
emotionet_5_third_50000_115596.JPG,0,0,0,1,2
emotionet_5_third_50000_115604.jpg,0,0,0,0,2
emotionet_5_third_50000_115638.jpg,0,0,0,0,2
emotionet_5_third_50000_115643.jpg,0,0,0,1,2
emotionet_5_third_50000_115644.jpg,0,0,0,1,2
emotionet_5_third_50000_115650.JPG,0,0,0,0,2
emotionet_5_third_50000_115671.jpg,0,0,0,1,2
emotionet_5_third_50000_115676.jpg,0,0,0,6,2
emotionet_5_third_50000_115692.jpg,0,0,0,1,2
emotionet_5_third_50000_115695.jpg,0,0,0,6,2
emotionet_5_third_50000_115720.jpg,0,0,0,3,2
emotionet_5_third_50000_115727.jpg,0,0,0,1,2
emotionet_5_third_50000_115729.jpg,0,0,0,1,2
emotionet_5_third_50000_115733.JPG,0,0,0,0,2
emotionet_5_third_50000_115755.jpg,0,0,0,1,2
emotionet_5_third_50000_115760.jpg,0,0,0,0,2
emotionet_5_third_50000_115783.jpg,0,0,0,1,2
emotionet_5_third_50000_115784.jpg,0,0,0,1,2
emotionet_5_third_50000_115805.jpg,0,0,0,1,2
emotionet_5_third_50000_115811.JPG,0,0,0,1,2
emotionet_5_third_50000_115839.jpg,0,0,0,1,2
emotionet_5_third_50000_115842.jpg,0,0,0,1,2
emotionet_5_third_50000_115845.jpg,0,0,0,0,2
emotionet_5_third_50000_115879.jpg,0,0,0,0,2
emotionet_5_third_50000_115893.jpg,0,0,0,1,2
emotionet_5_third_50000_115894.jpg,0,0,0,1,2
emotionet_5_third_50000_115913.jpg,0,0,0,1,2
emotionet_5_third_50000_115914.jpg,0,0,0,1,2
emotionet_5_third_50000_115921.jpg,0,0,0,0,2
emotionet_5_third_50000_115926.jpg,0,0,0,6,2
emotionet_5_third_50000_115961.jpg,0,0,0,1,2
emotionet_5_third_50000_116012.jpg,0,0,0,1,2
emotionet_5_third_50000_116015.jpg,0,0,0,1,2
emotionet_5_third_50000_116020.jpg,0,0,0,6,2
emotionet_5_third_50000_116027.jpg,0,0,0,1,2
emotionet_5_third_50000_116103.jpg,0,0,0,1,2
emotionet_5_third_50000_116131.jpg,0,0,0,1,2
emotionet_5_third_50000_116136.jpg,0,0,0,1,2
emotionet_5_third_50000_116138.jpg,0,0,0,6,2
emotionet_5_third_50000_116143.jpg,0,0,0,1,2
emotionet_5_third_50000_116144.jpg,0,0,0,1,2
emotionet_5_third_50000_116150.JPG,0,0,0,0,2
emotionet_5_third_50000_116253.jpg,0,0,0,1,2
emotionet_5_third_50000_116254.jpg,0,0,0,1,2
emotionet_5_third_50000_116282.jpg,0,0,0,0,2
emotionet_5_third_50000_116285.jpg,0,0,0,1,2
emotionet_5_third_50000_116302.jpg,0,0,0,6,2
emotionet_5_third_50000_116337.jpg,0,0,0,6,2
emotionet_5_third_50000_116366.jpeg,0,0,0,0,2
emotionet_5_third_50000_116370.jpg,0,0,0,3,2
emotionet_5_third_50000_116377.jpg,0,0,1,3,2
emotionet_5_third_50000_116441.jpg,0,0,0,3,2
emotionet_5_third_50000_116446.jpg,0,0,0,3,2
emotionet_5_third_50000_116474.jpg,0,0,0,1,2
emotionet_5_third_50000_116490.jpg,0,0,0,1,2
emotionet_5_third_50000_116519.jpg,0,0,0,0,2
emotionet_5_third_50000_116522.jpg,0,0,0,3,2
emotionet_5_third_50000_116525.jpg,0,0,0,0,2
emotionet_5_third_50000_116544.JPG,0,0,0,7,2
emotionet_5_third_50000_116550.jpg,0,0,0,7,2
emotionet_5_third_50000_116557.jpg,0,0,0,1,2
emotionet_5_third_50000_116559.jpg,0,0,0,3,2
emotionet_5_third_50000_116588.jpg,0,0,0,3,2
emotionet_5_third_50000_116632.jpg,0,0,0,3,2
emotionet_5_third_50000_116635.jpg,0,1,0,1,2
emotionet_5_third_50000_116647.jpg,0,0,0,0,2
emotionet_5_third_50000_116675.jpg,0,0,0,0,2
emotionet_5_third_50000_116691.jpg,0,0,0,1,2
emotionet_5_third_50000_116696.jpg,0,0,0,3,2
emotionet_5_third_50000_116698.jpg,0,0,0,0,2
emotionet_5_third_50000_116756.jpg,0,0,0,0,2
emotionet_5_third_50000_116763.jpg,0,0,0,0,2
emotionet_5_third_50000_116808.jpg,0,0,0,1,2
emotionet_5_third_50000_116833.jpg,0,0,0,3,2
emotionet_5_third_50000_116834.jpg,0,0,0,3,2
emotionet_5_third_50000_116874.jpg,0,0,0,1,2
emotionet_5_third_50000_116957.jpg,0,0,0,6,2
emotionet_5_third_50000_116986.jpg,0,0,0,3,2
emotionet_5_third_50000_116988.jpg,0,0,0,1,2
emotionet_5_third_50000_117000.jpg,0,1,0,8,3
emotionet_5_third_50000_117009.jpg,0,0,0,3,2
emotionet_5_third_50000_117035.jpg,0,0,0,0,2
emotionet_5_third_50000_117098.jpg,0,0,0,3,2
emotionet_5_third_50000_117111.jpg,0,0,2,1,2
emotionet_5_third_50000_117116.jpg,0,0,0,0,2
emotionet_5_third_50000_117123.jpg,0,0,0,0,3
emotionet_5_third_50000_117124.jpg,0,0,0,4,2
emotionet_5_third_50000_117139.JPG,0,0,0,0,2
emotionet_5_third_50000_117151.jpg,0,0,0,7,2
emotionet_5_third_50000_117158.jpg,0,0,0,3,2
emotionet_5_third_50000_117180.jpg,0,0,0,1,2
emotionet_5_third_50000_117189.jpg,0,0,0,3,2
emotionet_5_third_50000_117201.jpg,0,0,0,1,2
emotionet_5_third_50000_117206.jpg,0,0,0,1,2
emotionet_5_third_50000_117234.jpg,0,0,0,1,2
emotionet_5_third_50000_117297.jpg,0,0,0,3,2
emotionet_5_third_50000_117299.jpg,0,0,0,3,2
emotionet_5_third_50000_117310.jpg,0,0,0,0,2
emotionet_5_third_50000_117359.jpg,0,0,0,3,2
emotionet_5_third_50000_117365.jpg,1,0,0,2,2
emotionet_5_third_50000_117388.jpg,0,0,0,0,2
emotionet_5_third_50000_117413.jpg,0,0,0,3,2
emotionet_5_third_50000_117428.jpg,0,0,0,1,2
emotionet_5_third_50000_117454.jpg,0,0,0,0,2
emotionet_5_third_50000_117495.jpeg,0,0,0,1,2
emotionet_5_third_50000_117539.jpg,0,0,0,0,2
emotionet_5_third_50000_117542.jpg,0,0,0,0,2
emotionet_5_third_50000_117570.jpg,0,0,0,1,2
emotionet_5_third_50000_117627.jpg,0,0,0,7,2
emotionet_5_third_50000_117655.jpg,0,0,0,8,3
emotionet_5_third_50000_117667.jpg,0,0,0,3,2
emotionet_5_third_50000_117684.jpg,0,0,0,0,2
emotionet_5_third_50000_117703.jpg,0,0,0,3,2
emotionet_5_third_50000_117704.jpg,0,0,0,3,2
emotionet_5_third_50000_117738.jpg,0,0,0,1,2
emotionet_5_third_50000_117771.jpg,0,0,0,7,2
emotionet_5_third_50000_117776.jpg,0,1,0,1,2
emotionet_5_third_50000_117787.jpeg,0,0,0,1,2
emotionet_5_third_50000_117861.jpg,0,0,0,3,2
emotionet_5_third_50000_117868.jpg,0,0,0,1,2
emotionet_5_third_50000_117893.jpeg,0,0,0,1,2
emotionet_5_third_50000_117902.jpg,0,0,0,1,2
emotionet_5_third_50000_117905.jpg,0,0,0,0,2
emotionet_5_third_50000_117930.jpg,0,0,0,7,2
emotionet_5_third_50000_117942.jpg,0,1,0,3,2
emotionet_5_third_50000_117945.jpg,0,1,0,1,2
emotionet_5_third_50000_118023.jpg,0,0,0,1,2
emotionet_5_third_50000_118051.jpg,0,0,0,1,0
emotionet_5_third_50000_118056.jpg,0,0,1,3,2
emotionet_5_third_50000_118064.jpg,0,0,0,3,2
emotionet_5_third_50000_118087.jpg,0,0,0,1,2
emotionet_5_third_50000_118089.jpg,0,0,0,3,2
emotionet_5_third_50000_118094.JPG,0,0,0,0,2
emotionet_5_third_50000_118100.jpg,0,0,0,0,2
emotionet_5_third_50000_118107.jpg,0,0,0,6,2
emotionet_5_third_50000_118113.JPG,0,0,0,1,2
emotionet_5_third_50000_118147.jpg,0,0,0,0,2
emotionet_5_third_50000_118196.jpg,0,0,0,1,1
emotionet_5_third_50000_118210.jpg,0,0,0,0,2
emotionet_5_third_50000_118217.jpg,0,0,0,3,2
emotionet_5_third_50000_118219.jpg,1,0,0,1,2
emotionet_5_third_50000_118250.jpg,0,0,1,5,1
emotionet_5_third_50000_118281.jpg,0,0,0,1,2
emotionet_5_third_50000_118341.jpg,0,0,0,0,2
emotionet_5_third_50000_118348.jpg,0,0,0,1,1
emotionet_5_third_50000_118390.jpg,0,0,1,2,2
emotionet_5_third_50000_118402.jpg,0,0,0,0,2
emotionet_5_third_50000_118405.jpg,0,0,0,0,2
emotionet_5_third_50000_118430.jpg,0,0,0,1,2
emotionet_5_third_50000_118437.jpg,0,0,0,0,2
emotionet_5_third_50000_118439.jpg,0,0,0,3,2
emotionet_5_third_50000_118442.jpg,0,0,0,0,2
emotionet_5_third_50000_118479.jpg,0,0,0,0,2
emotionet_5_third_50000_118493.jpg,0,0,0,1,2
emotionet_5_third_50000_118561.jpg,0,0,1,1,2
emotionet_5_third_50000_118566.jpg,0,0,0,0,2
emotionet_5_third_50000_118603.jpg,0,0,0,0,2
emotionet_5_third_50000_118604.jpg,0,0,0,1,2
emotionet_5_third_50000_118631.jpg,0,0,0,0,2
emotionet_5_third_50000_118676.jpg,0,0,0,1,2
emotionet_5_third_50000_118678.jpg,0,0,0,3,2
emotionet_5_third_50000_118712.jpg,1,0,0,3,3
emotionet_5_third_50000_118727.jpg,0,0,0,3,2
emotionet_5_third_50000_118769.jpg,0,0,2,3,2
emotionet_5_third_50000_118784.jpg,0,0,0,2,2
emotionet_5_third_50000_118837.jpg,0,0,0,1,2
emotionet_5_third_50000_118870.jpg,0,0,0,6,2
emotionet_5_third_50000_118877.jpg,0,0,0,0,2
emotionet_5_third_50000_118894.jpg,0,0,0,0,2
emotionet_5_third_50000_118913.jpg,0,0,0,0,2
emotionet_5_third_50000_118914.jpg,0,0,0,3,2
emotionet_5_third_50000_118954.jpg,1,0,0,5,2
emotionet_5_third_50000_118968.jpg,0,0,0,7,2
emotionet_5_third_50000_119071.jpg,0,0,0,1,2
emotionet_5_third_50000_119095.jpg,0,0,1,6,2
emotionet_5_third_50000_119160.jpg,0,0,0,1,2
emotionet_5_third_50000_119167.jpg,0,0,0,0,0
emotionet_5_third_50000_119184.jpg,0,0,0,1,2
emotionet_5_third_50000_119205.jpg,0,0,0,5,1
emotionet_5_third_50000_119277.jpg,0,0,1,0,2
emotionet_5_third_50000_119279.jpg,0,0,0,1,2
emotionet_5_third_50000_119328.jpg,0,0,1,1,2
emotionet_5_third_50000_119422.jpg,0,0,1,3,3
emotionet_5_third_50000_119425.jpg,1,0,0,1,1
emotionet_5_third_50000_119506.jpg,0,0,0,1,1
emotionet_5_third_50000_119508.jpg,0,0,0,0,2
emotionet_5_third_50000_119599.jpg,0,0,0,0,2
emotionet_5_third_50000_119616.jpg,0,0,1,1,2
emotionet_5_third_50000_119618.jpg,1,0,0,5,2
emotionet_5_third_50000_119623.jpg,0,0,0,6,1
emotionet_5_third_50000_119658.jpg,0,0,0,1,2
emotionet_5_third_50000_119732.jpg,0,0,0,1,2
emotionet_5_third_50000_119740.jpg,0,0,0,1,2
emotionet_5_third_50000_119747.jpg,0,0,0,3,2
emotionet_5_third_50000_119796.jpg,0,0,0,3,2
emotionet_5_third_50000_119798.jpg,0,0,0,3,2
emotionet_5_third_50000_119850.jpg,0,0,0,0,2
emotionet_5_third_50000_119857.jpg,0,0,0,0,2
emotionet_5_third_50000_119859.jpg,0,0,0,3,2
emotionet_5_third_50000_119862.jpg,0,0,0,1,2
emotionet_5_third_50000_119881.jpg,0,0,0,1,2
emotionet_5_third_50000_119908.jpg,0,0,0,0,2
emotionet_5_third_50000_119946.jpg,0,0,0,0,2
emotionet_5_third_50000_119973.jpg,0,0,0,4,2
emotionet_5_third_50000_119974.jpg,0,0,0,3,2
emotionet_5_third_50000_119997.jpg,0,0,1,1,2
emotionet_5_third_50000_120007.jpg,0,0,0,0,2
emotionet_5_third_50000_120040.jpg,0,0,0,0,0
emotionet_5_third_50000_120047.jpg,0,0,0,8,0
emotionet_5_third_50000_120049.jpg,0,0,0,4,2
emotionet_5_third_50000_120091.jpg,0,0,0,1,2
emotionet_5_third_50000_120098.jpg,0,0,0,1,2
emotionet_5_third_50000_120104.jpeg,0,0,0,1,2
emotionet_5_third_50000_120116.jpg,0,0,0,0,2
emotionet_5_third_50000_120118.jpg,0,0,0,0,2
emotionet_5_third_50000_120124.jpg,1,0,0,1,2
emotionet_5_third_50000_120163.jpg,0,0,0,1,2
emotionet_5_third_50000_120164.jpg,0,0,0,1,2
emotionet_5_third_50000_120189.jpg,0,0,0,0,2
emotionet_5_third_50000_120201.jpg,0,0,0,0,0
emotionet_5_third_50000_120206.jpg,0,0,0,3,2
emotionet_5_third_50000_120233.jpg,0,0,0,0,2
emotionet_5_third_50000_120299.jpg,0,0,0,7,2
emotionet_5_third_50000_120317.jpg,0,0,0,1,1
emotionet_5_third_50000_120350.jpg,0,0,0,0,2
emotionet_5_third_50000_120359.jpg,0,0,0,3,2
emotionet_5_third_50000_120386.jpg,0,0,0,1,2
emotionet_5_third_50000_120388.jpg,0,0,0,1,2
emotionet_5_third_50000_120453.jpg,0,0,0,1,2
emotionet_5_third_50000_120454.jpg,0,0,0,1,3
emotionet_5_third_50000_120461.jpg,0,0,0,1,3
emotionet_5_third_50000_120466.jpg,0,0,0,1,1
emotionet_5_third_50000_120482.jpg,0,0,0,0,2
emotionet_5_third_50000_120485.jpg,0,0,0,3,2
emotionet_5_third_50000_120577.jpg,0,0,0,2,2
emotionet_5_third_50000_120594.jpg,0,0,0,0,2
emotionet_5_third_50000_120612.jpg,0,0,0,0,2
emotionet_5_third_50000_120615.jpg,0,0,0,0,2
emotionet_5_third_50000_120660.jpg,1,0,0,2,2
emotionet_5_third_50000_120731.jpg,0,0,0,0,2
emotionet_5_third_50000_120736.jpg,0,1,0,1,2
emotionet_5_third_50000_120743.jpg,0,0,0,0,2
emotionet_5_third_50000_120744.jpg,0,0,0,8,3
emotionet_5_third_50000_120771.jpg,0,0,0,1,2
emotionet_5_third_50000_120792.jpg,0,0,0,1,3
emotionet_5_third_50000_120795.jpg,0,0,0,1,1
emotionet_5_third_50000_120821.jpg,0,0,0,1,2
emotionet_5_third_50000_120853.jpg,0,0,0,0,2
emotionet_5_third_50000_120854.jpg,0,0,0,3,2
emotionet_5_third_50000_120902.jpg,0,0,0,3,2
emotionet_5_third_50000_120977.jpg,0,0,0,3,2
emotionet_5_third_50000_121020.jpg,0,0,0,1,2
emotionet_5_third_50000_121027.jpg,0,0,0,1,2
emotionet_5_third_50000_121131.jpg,0,0,0,1,2
emotionet_5_third_50000_121136.jpg,0,0,0,1,2
emotionet_5_third_50000_121171.jpg,0,0,0,1,2
emotionet_5_third_50000_121213.jpg,0,0,0,2,2
emotionet_5_third_50000_121214.jpg,0,0,0,1,2
emotionet_5_third_50000_121261.jpg,0,0,0,1,2
emotionet_5_third_50000_121266.jpg,0,0,0,8,3
emotionet_5_third_50000_121268.jpg,0,0,0,0,3
emotionet_5_third_50000_121302.jpg,0,0,0,1,1
emotionet_5_third_50000_121305.jpg,0,0,0,1,2
emotionet_5_third_50000_121337.jpg,0,0,0,8,3
emotionet_5_third_50000_121394.jpg,0,0,0,1,2
emotionet_5_third_50000_121434.jpg,0,0,0,8,0
emotionet_5_third_50000_121490.jpg,0,0,0,8,0
emotionet_5_third_50000_121497.jpg,0,1,0,6,2
emotionet_5_third_50000_121586.jpg,0,0,0,8,3
emotionet_5_third_50000_121600.jpg,0,0,0,0,3
emotionet_5_third_50000_121607.jpg,0,0,0,1,2
emotionet_5_third_50000_121640.jpg,0,0,0,1,3
emotionet_5_third_50000_121647.jpg,0,1,0,8,3
emotionet_5_third_50000_121672.jpg,0,0,0,1,2
emotionet_5_third_50000_121675.jpg,0,0,0,1,2
emotionet_5_third_50000_121691.jpg,0,0,0,8,0
emotionet_5_third_50000_121695.jpeg,0,0,0,8,3
emotionet_5_third_50000_121718.jpg,0,0,0,1,2
emotionet_5_third_50000_121764.jpg,0,0,0,8,3
emotionet_5_third_50000_121780.jpg,0,0,0,8,3
emotionet_5_third_50000_121801.jpg,0,0,0,1,2
emotionet_5_third_50000_121834.jpg,0,0,0,8,3
emotionet_5_third_50000_121841.jpg,0,0,0,3,2
emotionet_5_third_50000_121846.jpg,0,0,0,1,2
emotionet_5_third_50000_121910.jpg,0,0,0,3,2
emotionet_5_third_50000_121917.jpg,0,0,0,1,2
emotionet_5_third_50000_121919.jpg,0,0,0,1,2
emotionet_5_third_50000_121922.jpg,0,0,0,8,3
emotionet_5_third_50000_121962.jpg,0,0,0,1,2
emotionet_5_third_50000_121965.jpg,0,0,1,1,1
emotionet_5_third_50000_121988.jpg,0,0,0,1,2
emotionet_5_third_50000_122018.jpeg,0,0,0,0,2
emotionet_5_third_50000_122023.jpg,0,0,0,0,0
emotionet_5_third_50000_122064.jpg,0,0,0,0,2
emotionet_5_third_50000_122107.jpg,0,0,1,0,2
emotionet_5_third_50000_122132.jpg,0,0,0,3,2
emotionet_5_third_50000_122135.jpg,0,0,0,3,2
emotionet_5_third_50000_122147.jpg,0,0,0,0,2
emotionet_5_third_50000_122191.jpg,0,0,0,6,2
emotionet_5_third_50000_122196.jpg,0,0,0,0,2
emotionet_5_third_50000_122210.jpg,0,0,0,0,2
emotionet_5_third_50000_122217.jpg,0,0,0,0,2
emotionet_5_third_50000_122222.jpg,0,0,0,0,2
emotionet_5_third_50000_122225.jpg,0,0,0,1,2
emotionet_5_third_50000_122257.jpg,0,0,0,0,2
emotionet_5_third_50000_122286.jpg,0,0,0,0,0
emotionet_5_third_50000_122288.jpg,0,0,0,0,2
emotionet_5_third_50000_122301.jpg,0,0,0,1,2
emotionet_5_third_50000_122306.jpg,0,0,0,1,2
emotionet_5_third_50000_122308.jpg,0,0,0,1,1
emotionet_5_third_50000_122333.jpg,0,0,0,1,2
emotionet_5_third_50000_122334.jpg,0,0,2,6,2
emotionet_5_third_50000_122373.jpg,0,0,0,0,2
emotionet_5_third_50000_122374.jpg,0,0,0,0,2
emotionet_5_third_50000_122399.jpg,0,0,0,0,2
emotionet_5_third_50000_122402.jpg,0,0,0,7,2
emotionet_5_third_50000_122405.jpg,0,1,0,6,2
emotionet_5_third_50000_122442.jpg,0,1,0,1,3
emotionet_5_third_50000_122445.jpg,0,0,0,0,2
emotionet_5_third_50000_122493.jpg,0,0,0,1,2
emotionet_5_third_50000_122494.jpg,0,0,0,1,2
emotionet_5_third_50000_122521.jpg,0,0,0,1,2
emotionet_5_third_50000_122526.jpg,0,0,0,1,2
emotionet_5_third_50000_122528.jpg,0,0,0,1,2
emotionet_5_third_50000_122553.jpg,0,0,0,0,2
emotionet_5_third_50000_122554.jpg,0,0,0,1,2
emotionet_5_third_50000_122566.jpg,0,0,0,1,2
emotionet_5_third_50000_122582.jpg,0,0,0,0,2
emotionet_5_third_50000_122585.jpg,0,0,0,0,2
emotionet_5_third_50000_122631.jpg,0,0,0,1,2
emotionet_5_third_50000_122636.jpg,0,0,0,2,2
emotionet_5_third_50000_122638.jpg,0,0,0,1,2
emotionet_5_third_50000_122643.jpg,0,0,0,8,3
emotionet_5_third_50000_122644.jpg,0,0,0,0,2
emotionet_5_third_50000_122671.jpg,0,0,0,0,2
emotionet_5_third_50000_122676.jpg,0,0,0,1,2
emotionet_5_third_50000_122692.jpg,0,0,0,0,2
emotionet_5_third_50000_122695.jpg,0,0,1,1,2
emotionet_5_third_50000_122712.jpg,0,0,0,1,2
emotionet_5_third_50000_122715.jpg,0,0,0,0,2
emotionet_5_third_50000_122729.jpg,0,0,0,1,2
emotionet_5_third_50000_122752.jpg,0,0,0,1,2
emotionet_5_third_50000_122755.jpg,0,0,0,0,2
emotionet_5_third_50000_122760.jpg,0,0,0,0,2
emotionet_5_third_50000_122767.jpg,0,0,1,3,2
emotionet_5_third_50000_122769.jpg,0,0,0,0,2
emotionet_5_third_50000_122783.jpg,0,0,0,1,2
emotionet_5_third_50000_122784.jpg,0,0,0,1,2
emotionet_5_third_50000_122802.jpg,0,0,0,1,2
emotionet_5_third_50000_122805.jpg,0,0,0,3,2
emotionet_5_third_50000_122858.JPG,0,0,0,1,2
emotionet_5_third_50000_122870.jpg,0,0,0,1,2
emotionet_5_third_50000_122877.jpg,0,0,0,1,2
emotionet_5_third_50000_122879.jpg,0,0,1,0,2
emotionet_5_third_50000_122889.JPG,0,0,0,6,2
emotionet_5_third_50000_122914.jpg,0,0,0,3,2
emotionet_5_third_50000_122921.jpg,0,0,0,1,2
emotionet_5_third_50000_122926.jpg,0,0,0,1,2
emotionet_5_third_50000_122928.jpg,0,0,0,1,2
emotionet_5_third_50000_122953.jpg,0,0,0,1,2
emotionet_5_third_50000_123003.jpg,0,0,0,6,2
emotionet_5_third_50000_123115.jpg,0,0,1,1,2
emotionet_5_third_50000_123127.jpg,1,0,0,8,0
emotionet_5_third_50000_123129.jpg,1,0,0,0,2
emotionet_5_third_50000_123152.jpg,0,0,0,1,2
emotionet_5_third_50000_123155.jpg,0,0,0,1,2
emotionet_5_third_50000_123169.jpg,0,0,0,1,2
emotionet_5_third_50000_123202.jpg,0,0,0,3,2
emotionet_5_third_50000_123205.jpg,0,0,0,1,2
emotionet_5_third_50000_123237.jpg,0,0,0,1,2
emotionet_5_third_50000_123239.jpg,0,0,0,0,2
emotionet_5_third_50000_123242.jpg,0,0,0,1,2
emotionet_5_third_50000_123245.jpg,0,0,0,1,2
emotionet_5_third_50000_123366.jpg,0,0,0,1,2
emotionet_5_third_50000_123417.jpg,0,0,1,1,2
emotionet_5_third_50000_123419.jpg,0,0,0,3,2
emotionet_5_third_50000_123465.jpg,0,0,0,1,2
emotionet_5_third_50000_123533.jpg,0,0,0,0,2
emotionet_5_third_50000_123541.jpg,0,0,0,8,0
emotionet_5_third_50000_123548.jpg,0,0,0,8,3
emotionet_5_third_50000_123574.jpg,0,0,0,0,2
emotionet_5_third_50000_123583.JPG,0,0,0,1,2
emotionet_5_third_50000_123590.jpg,0,0,0,0,3
emotionet_5_third_50000_123599.jpg,0,0,0,0,2
emotionet_5_third_50000_123639.JPG,0,1,0,1,2
emotionet_5_third_50000_123651.jpg,0,0,0,0,2
emotionet_5_third_50000_123658.jpg,0,0,0,8,3
emotionet_5_third_50000_123680.jpg,0,0,0,1,2
emotionet_5_third_50000_123687.jpg,0,0,0,6,2
emotionet_5_third_50000_123689.jpg,0,0,0,8,3
emotionet_5_third_50000_123700.jpg,0,0,0,5,2
emotionet_5_third_50000_123709.jpg,0,0,0,1,2
emotionet_5_third_50000_123772.jpg,0,0,0,3,2
emotionet_5_third_50000_123775.jpg,0,0,0,1,1
emotionet_5_third_50000_123859.jpg,0,0,0,0,2
emotionet_5_third_50000_123862.jpg,0,0,0,8,0
emotionet_5_third_50000_123888.jpg,0,0,0,1,2
emotionet_5_third_50000_123901.jpg,0,0,0,1,2
emotionet_5_third_50000_123933.jpg,0,0,0,1,2
emotionet_5_third_50000_123934.jpg,0,0,0,0,2
emotionet_5_third_50000_123941.jpg,0,0,0,0,2
emotionet_5_third_50000_123946.jpg,0,0,0,1,2
emotionet_5_third_50000_123983.jpeg,0,0,0,0,2
emotionet_5_third_50000_123990.jpg,0,0,0,0,2
emotionet_5_third_50000_123999.jpg,0,0,0,3,2
emotionet_5_third_50000_124001.jpg,0,0,0,1,2
emotionet_5_third_50000_124041.jpg,0,0,0,8,3
emotionet_5_third_50000_124073.jpg,0,0,0,5,1
emotionet_5_third_50000_124074.jpg,0,0,0,0,2
emotionet_5_third_50000_124097.jpg,0,0,1,0,2
emotionet_5_third_50000_124157.jpg,0,0,0,0,2
emotionet_5_third_50000_124162.jpg,0,0,0,0,2
emotionet_5_third_50000_124188.jpg,0,0,0,8,3
emotionet_5_third_50000_124209.jpg,0,0,0,1,2
emotionet_5_third_50000_124247.jpg,0,0,0,1,2
emotionet_5_third_50000_124249.jpg,0,0,0,0,2
emotionet_5_third_50000_124275.jpg,0,0,0,3,2
emotionet_5_third_50000_124296.jpg,0,0,0,1,2
emotionet_5_third_50000_124298.jpg,0,0,0,1,2
emotionet_5_third_50000_124311.jpg,0,0,0,3,2
emotionet_5_third_50000_124342.JPG,0,0,0,1,2
emotionet_5_third_50000_124351.jpg,0,0,0,0,2
emotionet_5_third_50000_124412.jpg,0,0,1,3,2
emotionet_5_third_50000_124460.jpg,1,0,1,5,2
emotionet_5_third_50000_124469.jpg,0,0,0,0,2
emotionet_5_third_50000_124614.jpg,0,0,0,3,3
emotionet_5_third_50000_124621.jpg,0,0,1,8,3
emotionet_5_third_50000_124626.jpg,0,0,1,6,2
emotionet_5_third_50000_124628.jpg,0,0,0,1,2
emotionet_5_third_50000_124653.jpg,0,0,0,3,2
emotionet_5_third_50000_124654.jpg,0,0,0,4,2
emotionet_5_third_50000_124668.jpg,0,0,0,1,2
emotionet_5_third_50000_124705.jpg,0,0,0,0,3
emotionet_5_third_50000_124770.jpg,0,0,1,6,1
emotionet_5_third_50000_124812.jpg,1,0,0,0,2
emotionet_5_third_50000_124824.jpeg,0,0,1,6,2
emotionet_5_third_50000_124883.jpg,0,0,0,0,2
emotionet_5_third_50000_124884.jpg,1,0,0,5,2
emotionet_5_third_50000_124971.jpg,0,0,0,0,2
emotionet_5_third_50000_124995.jpg,0,0,1,0,2
emotionet_5_third_50000_125054.jpg,1,0,0,1,2
emotionet_5_third_50000_125061.jpg,0,0,1,0,2
emotionet_5_third_50000_125066.jpg,0,0,0,5,2
emotionet_5_third_50000_125068.jpg,0,0,0,8,0
emotionet_5_third_50000_125177.jpg,0,0,0,1,2
emotionet_5_third_50000_125193.jpg,0,0,0,1,2
emotionet_5_third_50000_125194.jpg,0,0,0,1,2
emotionet_5_third_50000_125220.jpg,0,0,0,0,2
emotionet_5_third_50000_125227.jpg,0,0,0,0,1
emotionet_5_third_50000_125229.jpg,0,0,0,0,2
emotionet_5_third_50000_125252.jpg,0,0,0,1,2
emotionet_5_third_50000_125255.jpg,0,0,0,1,2
emotionet_5_third_50000_125338.jpg,0,1,0,8,3
emotionet_5_third_50000_125343.jpg,0,0,1,6,2
emotionet_5_third_50000_125365.JPG,0,0,0,3,2
emotionet_5_third_50000_125407.jpg,0,0,0,8,0
emotionet_5_third_50000_125409.jpg,0,0,0,3,2
emotionet_5_third_50000_125435.jpg,0,1,0,0,3
emotionet_5_third_50000_125449.jpg,0,0,0,0,2
emotionet_5_third_50000_125472.jpg,0,0,0,3,2
emotionet_5_third_50000_125475.jpg,0,0,0,6,2
emotionet_5_third_50000_125498.jpg,1,0,0,2,2
emotionet_5_third_50000_125511.jpg,0,0,0,5,2
emotionet_5_third_50000_125516.jpg,0,1,0,6,2
emotionet_5_third_50000_125523.jpg,0,0,0,3,2
emotionet_5_third_50000_125524.jpg,0,0,0,1,2
emotionet_5_third_50000_125589.jpg,0,0,1,0,2
emotionet_5_third_50000_125633.jpg,0,0,1,0,2
emotionet_5_third_50000_125788.jpg,0,0,0,1,1
emotionet_5_third_50000_125847.jpg,0,0,1,1,2
emotionet_5_third_50000_125896.jpg,0,0,0,3,2
emotionet_5_third_50000_125923.jpg,0,0,0,1,2
emotionet_5_third_50000_125951.jpg,1,0,0,3,2
emotionet_5_third_50000_125956.jpg,1,0,1,6,2
emotionet_5_third_50000_125958.jpg,0,0,0,1,2
emotionet_5_third_50000_125963.jpg,0,0,0,0,2
emotionet_5_third_50000_125964.jpg,0,0,0,5,2
emotionet_5_third_50000_125989.jpg,0,0,0,6,2
emotionet_5_third_50000_126050.jpg,0,0,0,0,2
emotionet_5_third_50000_126057.jpg,0,0,1,1,2
emotionet_5_third_50000_126059.jpg,0,0,0,1,2
emotionet_5_third_50000_126062.jpg,0,0,0,0,2
emotionet_5_third_50000_126086.jpg,0,0,0,1,2
emotionet_5_third_50000_126088.jpg,0,0,0,0,0
emotionet_5_third_50000_126101.jpg,0,0,0,8,3
emotionet_5_third_50000_126106.jpg,0,0,0,0,0
emotionet_5_third_50000_126108.jpg,0,0,0,0,0
emotionet_5_third_50000_126141.jpg,0,0,0,1,2
emotionet_5_third_50000_126173.jpg,0,0,0,0,2
emotionet_5_third_50000_126190.jpg,0,1,0,1,1
emotionet_5_third_50000_126216.jpg,0,0,0,0,2
emotionet_5_third_50000_126256.jpg,0,0,0,1,2
emotionet_5_third_50000_126309.jpg,0,0,0,3,2
emotionet_5_third_50000_126332.jpg,0,0,0,3,1
emotionet_5_third_50000_126340.jpg,0,0,0,5,2
emotionet_5_third_50000_126347.jpg,0,0,0,1,1
emotionet_5_third_50000_126396.jpg,1,0,0,3,2
emotionet_5_third_50000_126398.jpg,0,1,0,3,2
emotionet_5_third_50000_126436.jpg,0,0,0,3,2
emotionet_5_third_50000_126438.jpg,0,0,1,5,2
emotionet_5_third_50000_126444.jpg,1,0,0,1,2
emotionet_5_third_50000_126495.jpg,0,0,0,6,2
emotionet_5_third_50000_126512.jpg,0,0,0,1,2
emotionet_5_third_50000_126560.jpg,0,1,0,4,2
emotionet_5_third_50000_126567.jpg,0,0,0,1,2
emotionet_5_third_50000_126569.jpg,1,0,0,6,2
emotionet_5_third_50000_126602.jpg,0,0,0,1,2
emotionet_5_third_50000_126637.jpg,0,0,0,1,3
emotionet_5_third_50000_126677.jpg,1,0,0,1,2
emotionet_5_third_50000_126713.jpg,0,0,0,3,2
emotionet_5_third_50000_126714.jpg,1,1,1,2,2
emotionet_5_third_50000_126836.jpg,1,0,0,1,2
emotionet_5_third_50000_126915.jpg,0,0,0,0,2
emotionet_5_third_50000_126960.jpg,1,0,0,1,2
emotionet_5_third_50000_127030.jpg,0,0,0,3,2
emotionet_5_third_50000_127037.jpg,0,0,2,5,2
emotionet_5_third_50000_127039.jpg,0,0,0,1,2
emotionet_5_third_50000_127045.jpg,0,0,0,6,2
emotionet_5_third_50000_127093.jpg,1,0,0,6,2
emotionet_5_third_50000_127094.jpg,0,0,0,1,2
emotionet_5_third_50000_127166.jpg,0,0,0,1,2
emotionet_5_third_50000_127182.jpg,0,0,0,1,2
emotionet_5_third_50000_127185.jpg,0,0,0,3,2
emotionet_5_third_50000_127204.jpg,0,0,0,1,2
emotionet_5_third_50000_127276.jpg,0,0,0,0,2
emotionet_5_third_50000_127278.jpg,0,0,1,1,2
emotionet_5_third_50000_127295.jpg,0,0,0,3,2
emotionet_5_third_50000_127320.jpg,0,0,0,1,2
emotionet_5_third_50000_127355.jpg,0,0,0,2,2
emotionet_5_third_50000_127360.jpg,0,0,0,1,2
emotionet_5_third_50000_127384.jpg,0,0,1,1,2
emotionet_5_third_50000_127458.jpg,0,0,0,3,2
emotionet_5_third_50000_127480.jpg,0,0,0,3,2
emotionet_5_third_50000_127535.jpg,0,0,0,0,2
emotionet_5_third_50000_127549.jpg,0,0,0,0,2
emotionet_5_third_50000_127610.jpg,0,0,0,3,2
emotionet_5_third_50000_127617.jpg,0,0,0,3,2
emotionet_5_third_50000_127619.jpg,0,0,0,0,2
emotionet_5_third_50000_127622.jpg,0,0,0,3,2
emotionet_5_third_50000_127625.jpg,0,0,0,3,2
emotionet_5_third_50000_127659.jpg,0,0,0,0,2
emotionet_5_third_50000_127665.jpg,0,0,0,0,2
emotionet_5_third_50000_127734.jpg,0,0,0,1,2
emotionet_5_third_50000_127797.jpg,0,0,0,0,2
emotionet_5_third_50000_127799.jpg,1,0,0,6,3
emotionet_5_third_50000_127842.JPG,1,0,0,3,2
emotionet_5_third_50000_127880.jpg,0,0,0,0,2
emotionet_5_third_50000_127887.jpg,0,0,0,5,3
emotionet_5_third_50000_127907.jpg,0,0,1,3,2
emotionet_5_third_50000_127975.jpg,0,0,1,1,1
emotionet_5_third_50000_128013.jpg,0,0,0,3,2
emotionet_5_third_50000_128021.jpg,0,0,0,1,2
emotionet_5_third_50000_128091.jpeg,0,0,0,5,2
emotionet_5_third_50000_128130.jpg,0,0,1,3,2
emotionet_5_third_50000_128139.jpg,0,0,0,1,2
emotionet_5_third_50000_128142.jpg,0,0,0,3,2
emotionet_5_third_50000_128179.jpg,0,0,0,6,2
emotionet_5_third_50000_128255.jpg,0,0,0,1,2
emotionet_5_third_50000_128269.jpg,0,0,0,0,2
emotionet_5_third_50000_128283.jpg,0,0,1,5,2
emotionet_5_third_50000_128284.jpg,0,0,0,0,2
emotionet_5_third_50000_128376.jpg,0,0,0,6,2
emotionet_5_third_50000_128378.jpg,0,0,1,1,2
emotionet_5_third_50000_128400.jpg,0,0,0,8,3
emotionet_5_third_50000_128409.jpg,0,0,0,1,2
emotionet_5_third_50000_128440.jpg,0,0,0,0,2
emotionet_5_third_50000_128491.jpg,0,0,0,2,2
emotionet_5_third_50000_128496.jpg,1,0,0,1,2
emotionet_5_third_50000_128524.jpeg,0,0,1,2,2
emotionet_5_third_50000_128587.jpg,0,0,1,5,2
emotionet_5_third_50000_128634.jpg,0,0,0,5,3
emotionet_5_third_50000_128690.jpg,0,0,0,0,2
emotionet_5_third_50000_128762.jpg,0,0,1,0,2
emotionet_5_third_50000_128765.jpg,0,1,0,0,2
emotionet_5_third_50000_128786.jpg,0,0,0,0,0
emotionet_5_third_50000_128800.jpg,0,0,0,0,0
emotionet_5_third_50000_128832.jpg,0,0,0,8,3
emotionet_5_third_50000_128924.jpg,0,1,0,0,2
emotionet_5_third_50000_128951.jpg,0,0,0,1,2
emotionet_5_third_50000_128980.jpg,0,0,0,1,2
emotionet_5_third_50000_128987.jpg,0,0,0,2,1
emotionet_5_third_50000_128989.jpg,0,0,0,1,2
emotionet_5_third_50000_129001.jpg,0,0,0,3,2
emotionet_5_third_50000_129006.jpg,0,1,0,1,2
emotionet_5_third_50000_129048.jpg,0,0,0,3,2
emotionet_5_third_50000_129073.jpg,0,0,0,1,1
emotionet_5_third_50000_129074.jpg,0,0,0,0,2
emotionet_5_third_50000_129099.jpg,0,0,0,1,1
emotionet_5_third_50000_129122.jpg,0,0,0,6,2
emotionet_5_third_50000_129157.jpg,0,0,0,1,2
emotionet_5_third_50000_129159.jpg,0,0,0,1,2
emotionet_5_third_50000_129207.jpg,0,0,0,0,2
emotionet_5_third_50000_129235.jpg,0,0,0,1,1
emotionet_5_third_50000_129291.jpg,0,1,1,1,2
emotionet_5_third_50000_129298.jpg,0,0,1,8,1
emotionet_5_third_50000_129311.jpg,0,0,0,1,2
emotionet_5_third_50000_129316.jpg,0,0,0,3,2
emotionet_5_third_50000_129324.jpg,0,0,0,1,2
emotionet_5_third_50000_129412.jpg,0,0,0,3,2
emotionet_5_third_50000_129536.jpg,0,0,1,0,2
emotionet_5_third_50000_129538.jpg,0,0,0,3,2
emotionet_5_third_50000_129571.jpg,1,0,0,2,2
emotionet_5_third_50000_129576.jpg,0,0,0,2,2
emotionet_5_third_50000_129586.JPG,0,0,0,1,2
emotionet_5_third_50000_129621.jpg,0,0,1,8,3
emotionet_5_third_50000_129628.jpg,0,0,0,3,2
emotionet_5_third_50000_129654.jpg,0,0,0,3,2
emotionet_5_third_50000_129739.jpg,0,0,0,1,1
emotionet_5_third_50000_129745.jpg,0,0,2,1,2
emotionet_5_third_50000_129770.jpg,0,0,0,0,0
emotionet_5_third_50000_129794.jpg,0,1,0,0,2
emotionet_5_third_50000_129812.jpg,0,0,0,1,2
emotionet_5_third_50000_129815.jpg,0,0,0,0,2
emotionet_5_third_50000_129820.jpg,0,0,0,0,0
emotionet_5_third_50000_129860.jpg,0,0,0,8,3
emotionet_5_third_50000_129903.jpg,0,0,0,0,0
emotionet_5_third_50000_129904.jpg,0,1,0,1,2
emotionet_5_third_50000_129931.jpg,0,0,0,3,2
emotionet_5_third_50000_129936.jpg,0,0,0,5,2
emotionet_5_third_50000_129938.jpg,0,0,0,3,2
emotionet_5_third_50000_129944.jpg,0,0,0,1,2
emotionet_5_third_50000_130010.jpg,0,0,0,0,0
emotionet_5_third_50000_130017.jpg,0,0,0,0,0
emotionet_5_third_50000_130022.jpg,0,0,0,0,0
emotionet_5_third_50000_130050.jpg,0,0,0,0,0
emotionet_5_third_50000_130057.jpg,0,0,0,0,0
emotionet_5_third_50000_130059.jpg,0,0,0,0,0
emotionet_5_third_50000_130081.jpg,0,0,0,0,0
emotionet_5_third_50000_130086.jpg,0,0,0,0,0
emotionet_5_third_50000_130088.jpg,0,0,0,0,0
emotionet_5_third_50000_130133.jpg,0,0,0,0,0
emotionet_5_third_50000_130134.jpg,0,0,0,0,0
emotionet_5_third_50000_130167.JPG,0,0,0,0,0
emotionet_5_third_50000_130205.JPG,0,0,0,0,0
emotionet_5_third_50000_130211.jpg,0,0,0,7,2
emotionet_5_third_50000_130237.JPG,0,0,0,0,0
emotionet_5_third_50000_130258.jpg,0,0,0,0,0
emotionet_5_third_50000_130264.jpg,0,0,0,0,0
emotionet_5_third_50000_130300.jpg,0,0,0,1,2
emotionet_5_third_50000_130332.jpg,0,0,0,0,0
emotionet_5_third_50000_130340.jpg,0,0,0,0,0
emotionet_5_third_50000_130347.jpg,0,0,0,0,0
emotionet_5_third_50000_130349.jpg,0,0,0,0,0
emotionet_5_third_50000_130396.jpg,0,0,0,1,1
emotionet_5_third_50000_130398.jpg,0,0,0,1,2
emotionet_5_third_50000_130436.jpg,0,0,0,0,0
emotionet_5_third_50000_130438.jpg,0,0,0,1,2
emotionet_5_third_50000_130444.jpg,0,0,0,1,2
emotionet_5_third_50000_130457.JPG,0,0,0,0,0
emotionet_5_third_50000_130471.jpg,0,0,0,0,0
emotionet_5_third_50000_130492.jpg,0,0,0,0,0
emotionet_5_third_50000_130495.jpg,0,0,0,0,0
emotionet_5_third_50000_130512.jpg,0,0,0,1,2
emotionet_5_third_50000_130515.jpg,0,0,0,1,2
emotionet_5_third_50000_130531.jpeg,0,0,0,0,0
emotionet_5_third_50000_130560.jpg,0,0,0,0,0
emotionet_5_third_50000_130569.jpg,0,0,0,0,0
emotionet_5_third_50000_130584.jpg,0,0,0,0,0
emotionet_5_third_50000_130605.jpg,0,0,0,0,0
emotionet_5_third_50000_130639.jpg,0,0,0,0,0
emotionet_5_third_50000_130642.jpg,0,0,0,0,0
emotionet_5_third_50000_130645.jpg,0,0,0,0,0
emotionet_5_third_50000_130677.jpg,0,0,0,0,0
emotionet_5_third_50000_130721.jpg,0,0,0,0,0
emotionet_5_third_50000_130726.jpg,0,0,0,3,2
emotionet_5_third_50000_130728.jpg,0,0,0,0,0
emotionet_5_third_50000_130740.JPG,0,0,0,0,0
emotionet_5_third_50000_130785.jpg,0,0,0,0,0
emotionet_5_third_50000_130838.jpg,0,0,0,0,0
emotionet_5_third_50000_130843.jpg,0,0,0,0,0
emotionet_5_third_50000_130892.jpg,0,0,0,1,2
emotionet_5_third_50000_130895.jpg,0,0,0,1,3
emotionet_5_third_50000_130912.jpg,0,0,0,2,2
emotionet_5_third_50000_130915.jpg,0,0,0,0,2
emotionet_5_third_50000_130920.jpg,0,0,0,1,2
emotionet_5_third_50000_130967.jpg,0,0,0,0,2
emotionet_5_third_50000_130969.jpg,1,0,0,3,2
emotionet_5_third_50000_131039.jpg,0,0,0,1,2
emotionet_5_third_50000_131042.jpg,0,0,0,0,2
emotionet_5_third_50000_131045.jpg,0,0,0,3,2
emotionet_5_third_50000_131079.jpg,1,0,0,5,2
emotionet_5_third_50000_131094.jpg,0,0,0,3,2
emotionet_5_third_50000_131113.jpg,0,0,0,3,2
emotionet_5_third_50000_131114.jpg,0,0,1,3,2
emotionet_5_third_50000_131166.jpg,0,0,0,1,2
emotionet_5_third_50000_131203.jpg,0,0,0,1,2
emotionet_5_third_50000_131271.jpg,0,0,0,1,1
emotionet_5_third_50000_131352.jpg,0,0,0,3,1
emotionet_5_third_50000_131384.jpg,0,0,0,3,2
emotionet_5_third_50000_131418.jpg,0,0,0,0,2
emotionet_5_third_50000_131423.jpg,0,0,0,3,2
emotionet_5_third_50000_131424.jpg,0,0,0,3,2
emotionet_5_third_50000_131480.jpg,0,0,0,1,2
emotionet_5_third_50000_131540.jpg,1,0,1,5,2
emotionet_5_third_50000_131572.jpg,0,0,0,1,2
emotionet_5_third_50000_131575.jpg,0,0,0,3,2
emotionet_5_third_50000_131591.jpg,0,0,1,0,2
emotionet_5_third_50000_131610.jpg,0,1,0,2,2
emotionet_5_third_50000_131617.jpg,0,0,0,1,2
emotionet_5_third_50000_131619.jpg,0,0,0,0,2
emotionet_5_third_50000_131650.jpg,0,0,0,1,2
emotionet_5_third_50000_131657.jpg,0,0,0,0,2
emotionet_5_third_50000_131662.jpg,0,0,1,0,2
emotionet_5_third_50000_131665.jpg,0,0,0,0,2
emotionet_5_third_50000_131734.jpg,0,0,0,8,3
emotionet_5_third_50000_131767.JPG,0,0,0,0,2
emotionet_5_third_50000_131774.jpg,0,0,0,1,2
emotionet_5_third_50000_131790.jpg,0,0,0,6,2
emotionet_5_third_50000_131797.jpg,0,0,0,1,2
emotionet_5_third_50000_131799.jpg,0,0,0,1,2
emotionet_5_third_50000_131932.jpg,0,0,0,1,2
emotionet_5_third_50000_131949.jpg,0,0,0,1,2
emotionet_5_third_50000_131998.jpg,0,0,0,0,2
emotionet_5_third_50000_132001.jpg,0,0,0,3,2
emotionet_5_third_50000_132122.jpg,0,0,0,1,2
emotionet_5_third_50000_132125.jpg,0,0,0,6,2
emotionet_5_third_50000_132232.jpg,0,0,0,6,2
emotionet_5_third_50000_132311.jpg,0,0,0,0,2
emotionet_5_third_50000_132316.jpg,0,0,0,5,2
emotionet_5_third_50000_132323.jpg,0,0,0,3,2
emotionet_5_third_50000_132324.jpg,0,0,0,1,2
emotionet_5_third_50000_132358.jpg,0,0,0,6,2
emotionet_5_third_50000_132363.jpg,0,0,0,0,2
emotionet_5_third_50000_132364.jpg,0,0,0,0,2
emotionet_5_third_50000_132389.jpg,0,0,0,3,2
emotionet_5_third_50000_132412.jpg,0,0,1,3,2
emotionet_5_third_50000_132455.jpg,0,0,0,6,2
emotionet_5_third_50000_132460.jpg,0,0,0,3,2
emotionet_5_third_50000_132467.jpg,0,0,0,1,2
emotionet_5_third_50000_132469.jpg,0,0,0,3,2
emotionet_5_third_50000_132474.JPG,0,0,0,1,2
emotionet_5_third_50000_132483.jpg,0,0,0,3,2
emotionet_5_third_50000_132484.jpg,0,0,0,1,2
emotionet_5_third_50000_132531.jpg,0,0,0,3,2
emotionet_5_third_50000_132536.jpg,0,0,0,3,2
emotionet_5_third_50000_132538.jpg,0,0,0,1,2
emotionet_5_third_50000_132543.jpg,0,0,0,0,2
emotionet_5_third_50000_132592.jpg,0,0,0,1,2
emotionet_5_third_50000_132595.jpg,0,0,2,1,1
emotionet_5_third_50000_132653.jpg,0,0,0,1,2
emotionet_5_third_50000_132654.jpg,0,0,0,0,2
emotionet_5_third_50000_132685.jpg,1,1,0,2,3
emotionet_5_third_50000_132739.jpg,0,0,0,1,2
emotionet_5_third_50000_132745.jpg,0,0,0,1,2
emotionet_5_third_50000_132793.jpg,0,0,0,0,2
emotionet_5_third_50000_132812.jpg,0,0,0,1,2
emotionet_5_third_50000_132815.jpg,0,0,0,1,2
emotionet_5_third_50000_132827.jpg,0,0,0,6,2
emotionet_5_third_50000_132903.jpg,0,0,0,1,2
emotionet_5_third_50000_132904.jpg,1,0,0,1,2
emotionet_5_third_50000_132936.jpg,0,0,0,1,2
emotionet_5_third_50000_132938.jpg,1,0,0,0,2
emotionet_5_third_50000_132995.jpg,0,0,0,3,2
emotionet_5_third_50000_133021.jpg,0,0,0,0,2
emotionet_5_third_50000_133102.jpg,0,0,0,1,2
emotionet_5_third_50000_133105.jpg,0,0,0,1,2
emotionet_5_third_50000_133179.jpg,0,0,0,0,2
emotionet_5_third_50000_133215.jpg,0,0,0,1,3
emotionet_5_third_50000_133269.jpg,0,0,0,0,2
emotionet_5_third_50000_133283.jpg,0,0,0,0,1
emotionet_5_third_50000_133284.jpg,0,0,0,0,2
emotionet_5_third_50000_133303.jpg,0,0,0,1,2
emotionet_5_third_50000_133304.jpg,0,0,0,5,2
emotionet_5_third_50000_133491.jpg,0,0,1,1,2
emotionet_5_third_50000_133496.jpg,0,0,0,3,2
emotionet_5_third_50000_133518.jpg,0,0,0,3,2
emotionet_5_third_50000_133577.JPG,0,0,0,5,1
emotionet_5_third_50000_133580.jpg,0,0,2,0,2
emotionet_5_third_50000_133633.jpg,0,0,0,0,2
emotionet_5_third_50000_133648.jpg,0,0,0,1,2
emotionet_5_third_50000_133750.jpg,0,0,0,1,2
emotionet_5_third_50000_133757.jpg,0,0,0,2,2
emotionet_5_third_50000_133762.jpg,1,0,0,5,2
emotionet_5_third_50000_133800.jpg,0,0,1,6,2
emotionet_5_third_50000_133807.jpg,0,0,0,0,2
emotionet_5_third_50000_133809.jpg,0,0,0,0,2
emotionet_5_third_50000_133835.jpg,1,0,0,5,2
emotionet_5_third_50000_133849.jpg,1,0,0,1,2
emotionet_5_third_50000_133875.jpg,0,0,0,1,2
emotionet_5_third_50000_133898.jpg,0,0,0,6,2
emotionet_5_third_50000_133923.jpg,0,0,0,1,2
emotionet_5_third_50000_133924.jpg,0,0,0,1,2
emotionet_5_third_50000_133951.jpg,0,0,0,1,2
emotionet_5_third_50000_133956.jpg,0,0,0,0,0
emotionet_5_third_50000_133958.jpg,0,0,0,0,2
emotionet_5_third_50000_133980.jpg,0,0,0,0,2
emotionet_5_third_50000_133987.jpg,0,0,0,0,2
emotionet_5_third_50000_133989.jpg,0,1,0,1,2
emotionet_5_third_50000_134018.jpg,0,0,0,3,2
emotionet_5_third_50000_134109.jpg,0,0,0,1,2
emotionet_5_third_50000_134135.jpg,0,0,0,3,2
emotionet_5_third_50000_134172.jpg,0,0,0,5,2
emotionet_5_third_50000_134175.jpg,0,0,0,0,2
emotionet_5_third_50000_134196.jpg,0,0,0,0,2
emotionet_5_third_50000_134198.jpg,0,0,0,1,2
emotionet_5_third_50000_134262.jpg,0,0,0,1,2
emotionet_5_third_50000_134265.jpg,0,0,0,8,3
emotionet_5_third_50000_134281.jpg,0,1,0,0,2
emotionet_5_third_50000_134286.jpg,0,0,0,5,2
emotionet_5_third_50000_134301.jpg,1,0,0,7,2
emotionet_5_third_50000_134306.jpg,0,0,1,1,1
emotionet_5_third_50000_134374.jpg,0,0,0,0,2
emotionet_5_third_50000_134397.jpg,0,0,0,0,2
emotionet_5_third_50000_134402.jpg,0,0,0,1,2
emotionet_5_third_50000_134405.jpg,0,0,0,0,2
emotionet_5_third_50000_134430.jpg,0,0,1,0,2
emotionet_5_third_50000_134477.jpg,0,0,0,8,3
emotionet_5_third_50000_134513.jpg,0,0,0,0,2
emotionet_5_third_50000_134526.jpg,0,0,0,1,2
emotionet_5_third_50000_134554.jpg,0,0,0,0,0
emotionet_5_third_50000_134568.jpg,0,0,0,1,3
emotionet_5_third_50000_134585.jpg,0,0,0,1,2
emotionet_5_third_50000_134643.jpg,0,1,0,1,2
emotionet_5_third_50000_134659.JPG,0,0,0,0,0
emotionet_5_third_50000_134692.jpg,0,0,0,1,2
emotionet_5_third_50000_134695.jpg,0,0,0,3,2
emotionet_5_third_50000_134727.jpg,0,0,0,0,2
emotionet_5_third_50000_134760.jpg,0,0,0,8,0
emotionet_5_third_50000_134769.jpg,0,0,0,3,2
emotionet_5_third_50000_134805.jpg,0,0,0,1,2
emotionet_5_third_50000_134842.jpg,0,0,0,1,2
emotionet_5_third_50000_134877.jpg,0,0,0,3,2
emotionet_5_third_50000_134879.jpg,1,1,1,8,3
emotionet_5_third_50000_134893.jpg,0,0,0,0,2
emotionet_5_third_50000_134953.jpg,0,0,0,1,2
emotionet_5_third_50000_134982.jpg,0,0,0,1,2
emotionet_5_third_50000_134985.jpg,0,0,0,3,2
emotionet_5_third_50000_135043.jpg,0,0,0,8,3
emotionet_5_third_50000_135127.jpg,0,0,0,1,2
emotionet_5_third_50000_135294.jpg,0,0,0,3,2
emotionet_5_third_50000_135328.jpg,0,0,1,3,3
emotionet_5_third_50000_135353.jpg,0,0,0,0,2
emotionet_5_third_50000_135354.jpg,0,0,0,0,2
emotionet_5_third_50000_135361.jpg,0,0,0,1,2
emotionet_5_third_50000_135366.jpg,0,0,0,3,2
emotionet_5_third_50000_135368.jpg,0,0,0,3,2
emotionet_5_third_50000_135382.jpg,0,0,0,3,3
emotionet_5_third_50000_135385.jpg,0,0,0,8,3
emotionet_5_third_50000_135391.JPG,0,0,0,1,2
emotionet_5_third_50000_135410.jpg,0,0,0,1,2
emotionet_5_third_50000_135422.jpg,0,0,0,8,3
emotionet_5_third_50000_135425.jpg,0,0,0,1,2
emotionet_5_third_50000_135462.jpg,0,0,0,3,2
emotionet_5_third_50000_135488.jpg,0,0,0,1,2
emotionet_5_third_50000_135546.jpg,0,0,0,8,3
emotionet_5_third_50000_135597.jpg,0,0,0,1,2
emotionet_5_third_50000_135599.jpg,0,0,0,1,1
emotionet_5_third_50000_135611.jpg,0,0,0,3,2
emotionet_5_third_50000_135623.jpg,0,0,0,3,3
emotionet_5_third_50000_135680.jpg,0,0,0,0,2
emotionet_5_third_50000_135689.jpg,0,0,0,1,2
emotionet_5_third_50000_135732.jpg,0,0,0,1,1
emotionet_5_third_50000_135735.jpg,0,0,0,1,2
emotionet_5_third_50000_135772.jpg,0,0,0,3,2
emotionet_5_third_50000_135798.jpg,0,0,0,3,2
emotionet_5_third_50000_135819.jpg,0,0,0,0,2
emotionet_5_third_50000_135850.jpg,0,0,0,1,3
emotionet_5_third_50000_135857.jpg,0,0,0,0,2
emotionet_5_third_50000_135886.jpg,0,0,0,3,2
emotionet_5_third_50000_135974.jpg,0,0,0,0,2
emotionet_5_third_50000_135990.jpg,0,0,0,3,2
emotionet_5_third_50000_136035.jpg,0,0,0,1,2
emotionet_5_third_50000_136047.jpg,0,0,0,1,2
emotionet_5_third_50000_136098.jpg,1,0,0,2,2
emotionet_5_third_50000_136118.jpg,0,0,0,5,2
emotionet_5_third_50000_136151.jpg,0,0,0,1,2
emotionet_5_third_50000_136156.jpg,0,0,0,3,2
emotionet_5_third_50000_136163.jpg,1,1,1,5,1
emotionet_5_third_50000_136241.jpg,0,0,0,1,1
emotionet_5_third_50000_136246.jpg,0,1,0,1,2
emotionet_5_third_50000_136274.jpg,0,0,0,1,1
emotionet_5_third_50000_136284.JPG,0,0,0,1,2
emotionet_5_third_50000_136290.jpg,0,0,0,8,3
emotionet_5_third_50000_136322.jpg,0,0,0,2,2
emotionet_5_third_50000_136350.jpg,0,0,1,5,2
emotionet_5_third_50000_136365.jpg,0,0,0,0,2
emotionet_5_third_50000_136388.jpg,0,0,0,1,2
emotionet_5_third_50000_136421.jpg,0,0,0,3,2
emotionet_5_third_50000_136454.jpg,1,1,0,5,2
emotionet_5_third_50000_136482.jpg,0,0,1,6,2
emotionet_5_third_50000_136505.jpg,1,0,0,3,2
emotionet_5_third_50000_136530.jpg,0,0,0,1,2
emotionet_5_third_50000_136577.jpg,0,0,0,7,2
emotionet_5_third_50000_136612.jpg,0,0,0,7,2
emotionet_5_third_50000_136620.jpg,0,0,0,1,3
emotionet_5_third_50000_136627.jpg,0,0,1,1,1
emotionet_5_third_50000_136660.jpg,0,0,0,1,2
emotionet_5_third_50000_136704.jpg,0,0,0,1,1
emotionet_5_third_50000_136731.jpg,0,0,0,1,2
emotionet_5_third_50000_136738.jpg,0,0,0,1,2
emotionet_5_third_50000_136743.jpg,0,0,0,0,1
emotionet_5_third_50000_136744.jpg,0,0,0,1,1
emotionet_5_third_50000_136778.jpg,0,0,0,6,2
emotionet_5_third_50000_136792.jpg,0,0,0,1,2
emotionet_5_third_50000_136795.jpg,0,0,0,3,2
emotionet_5_third_50000_136821.jpg,0,1,0,1,1
emotionet_5_third_50000_136826.jpg,0,0,0,0,2
emotionet_5_third_50000_136828.jpg,0,0,0,3,2
emotionet_5_third_50000_136853.jpg,0,0,0,7,2
emotionet_5_third_50000_136854.jpg,0,1,0,0,3
emotionet_5_third_50000_136882.jpg,0,0,1,0,1
emotionet_5_third_50000_136885.jpg,1,0,0,3,2
emotionet_5_third_50000_136905.jpg,0,0,0,3,2
emotionet_5_third_50000_136939.jpg,0,0,0,1,2
emotionet_5_third_50000_136942.jpg,1,0,0,0,2
emotionet_5_third_50000_136945.jpg,0,0,0,0,1
emotionet_5_third_50000_136956.JPG,0,0,0,1,2
emotionet_5_third_50000_137020.jpg,0,0,0,0,2
emotionet_5_third_50000_137029.jpg,0,0,0,8,3
emotionet_5_third_50000_137055.jpg,0,0,0,3,2
emotionet_5_third_50000_137060.jpg,0,0,0,1,2
emotionet_5_third_50000_137067.jpg,0,0,0,6,2
emotionet_5_third_50000_137084.jpg,0,0,0,1,2
emotionet_5_third_50000_137097.JPG,0,0,0,0,2
emotionet_5_third_50000_137103.jpg,0,0,0,8,3
emotionet_5_third_50000_137104.jpg,0,0,0,3,2
emotionet_5_third_50000_137138.jpg,0,0,0,8,3
emotionet_5_third_50000_137144.jpg,0,0,0,1,2
emotionet_5_third_50000_137176.jpg,0,0,0,0,0
emotionet_5_third_50000_137178.jpg,0,0,0,1,2
emotionet_5_third_50000_137181.JPG,0,0,0,0,2
emotionet_5_third_50000_137213.jpg,0,0,0,0,2
emotionet_5_third_50000_137214.jpg,0,0,0,3,2
emotionet_5_third_50000_137253.jpg,0,0,0,1,2
emotionet_5_third_50000_137370.jpg,0,0,0,3,2
emotionet_5_third_50000_137377.jpg,0,0,0,1,2
emotionet_5_third_50000_137394.jpg,0,0,0,0,0
emotionet_5_third_50000_137401.jpg,0,0,0,4,2
emotionet_5_third_50000_137406.jpg,0,0,0,1,2
emotionet_5_third_50000_137433.jpg,0,0,0,6,2
emotionet_5_third_50000_137434.jpg,0,0,0,8,0
emotionet_5_third_50000_137490.jpg,0,0,0,7,2
emotionet_5_third_50000_137519.jpg,0,0,0,5,2
emotionet_5_third_50000_137525.jpg,0,0,0,0,2
emotionet_5_third_50000_137565.jpg,0,0,0,1,1
emotionet_5_third_50000_137588.jpg,0,0,0,0,2
emotionet_5_third_50000_137600.jpg,0,0,1,1,2
emotionet_5_third_50000_137607.jpg,0,0,0,7,2
emotionet_5_third_50000_137632.jpg,0,0,0,0,2
emotionet_5_third_50000_137649.jpg,0,0,0,8,3
emotionet_5_third_50000_137716.jpg,0,0,0,1,2
emotionet_5_third_50000_137723.jpg,0,0,0,1,2
emotionet_5_third_50000_137724.jpg,0,1,0,6,2
emotionet_5_third_50000_137758.jpg,0,1,0,6,2
emotionet_5_third_50000_137780.jpg,0,1,0,7,2
emotionet_5_third_50000_137833.jpg,0,0,0,1,2
emotionet_5_third_50000_137846.jpg,0,1,0,1,2
emotionet_5_third_50000_137890.jpg,0,0,1,1,2
emotionet_5_third_50000_137897.jpg,0,0,0,7,2
emotionet_5_third_50000_137899.jpg,0,0,0,1,2
emotionet_5_third_50000_137910.jpg,0,0,0,1,2
emotionet_5_third_50000_137917.jpg,0,0,0,1,2
emotionet_5_third_50000_137957.jpg,0,0,0,4,2
emotionet_5_third_50000_137962.jpg,0,0,0,4,2
emotionet_5_third_50000_137986.jpg,0,0,0,8,0
emotionet_5_third_50000_138003.jpg,0,0,0,6,2
emotionet_5_third_50000_138004.jpg,0,0,0,3,2
emotionet_5_third_50000_138036.jpg,0,0,0,1,2
emotionet_5_third_50000_138071.jpg,0,0,0,0,2
emotionet_5_third_50000_138076.jpg,0,0,0,0,0
emotionet_5_third_50000_138078.jpg,0,0,0,5,2
emotionet_5_third_50000_138115.jpg,0,0,0,3,2
emotionet_5_third_50000_138120.jpg,0,0,1,3,2
emotionet_5_third_50000_138183.jpg,1,0,0,5,2
emotionet_5_third_50000_138202.jpg,0,0,0,1,2
emotionet_5_third_50000_138205.jpg,1,1,0,6,2
emotionet_5_third_50000_138230.jpg,0,0,0,7,2
emotionet_5_third_50000_138245.jpg,0,0,0,0,0
emotionet_5_third_50000_138279.jpg,0,1,0,1,2
emotionet_5_third_50000_138294.jpg,0,0,0,3,2
emotionet_5_third_50000_138321.jpg,0,0,0,3,3
emotionet_5_third_50000_138361.jpg,0,0,0,6,2
emotionet_5_third_50000_138366.jpg,0,0,0,7,2
emotionet_5_third_50000_138368.jpg,0,0,0,0,2
emotionet_5_third_50000_138410.jpg,0,0,0,1,2
emotionet_5_third_50000_138417.jpg,0,0,0,3,2
emotionet_5_third_50000_138457.jpg,0,0,0,1,2
emotionet_5_third_50000_138462.jpg,0,0,0,0,2
emotionet_5_third_50000_138465.jpg,0,0,0,1,2
emotionet_5_third_50000_138546.jpg,0,0,0,2,2
emotionet_5_third_50000_138548.jpg,0,0,0,3,2
emotionet_5_third_50000_138590.jpg,0,0,0,1,2
emotionet_5_third_50000_138599.jpg,0,0,0,1,2
emotionet_5_third_50000_138656.jpg,0,0,0,1,2
emotionet_5_third_50000_138663.jpg,0,0,0,0,1
emotionet_5_third_50000_138664.jpg,0,1,0,0,2
emotionet_5_third_50000_138707.jpg,0,0,0,0,2
emotionet_5_third_50000_138709.jpg,0,0,0,1,2
emotionet_5_third_50000_138933.jpg,0,0,0,1,1
emotionet_5_third_50000_138934.jpg,0,0,0,1,2
emotionet_5_third_50000_138941.jpg,0,0,0,1,2
emotionet_5_third_50000_138999.jpg,0,0,0,1,2
emotionet_5_third_50000_139064.jpg,0,0,0,0,2
emotionet_5_third_50000_139099.jpeg,0,0,0,1,2
emotionet_5_third_50000_139149.jpg,0,0,0,3,2
emotionet_5_third_50000_139191.jpg,0,1,0,1,2
emotionet_5_third_50000_139196.jpg,0,0,0,1,3
emotionet_5_third_50000_139198.jpg,0,0,0,0,2
emotionet_5_third_50000_139222.jpg,0,0,1,6,2
emotionet_5_third_50000_139306.jpg,0,0,0,8,2
emotionet_5_third_50000_139333.jpg,0,1,0,0,2
emotionet_5_third_50000_139439.jpg,0,0,0,0,2
emotionet_5_third_50000_139442.jpg,0,0,0,1,1
emotionet_5_third_50000_139445.jpg,0,0,0,6,2
emotionet_5_third_50000_139521.jpg,0,0,0,3,2
emotionet_5_third_50000_139526.jpg,0,0,0,3,2
emotionet_5_third_50000_139528.jpg,0,0,0,8,0
emotionet_5_third_50000_139561.jpg,0,0,0,1,2
emotionet_5_third_50000_139582.jpg,0,0,0,0,2
emotionet_5_third_50000_139585.jpg,0,0,0,0,2
emotionet_5_third_50000_139636.jpg,1,0,0,2,2
emotionet_5_third_50000_139638.jpg,0,0,0,1,2
emotionet_5_third_50000_139712.jpg,0,0,0,5,2
emotionet_5_third_50000_139752.jpg,1,1,0,6,2
emotionet_5_third_50000_139755.jpg,0,0,0,1,1
emotionet_5_third_50000_139760.jpg,0,0,0,1,2
emotionet_5_third_50000_139769.jpg,0,0,0,4,2
emotionet_5_third_50000_139802.jpg,0,0,0,1,1
emotionet_5_third_50000_139879.jpg,0,0,0,1,2
emotionet_5_third_50000_139913.jpg,0,0,0,5,2
emotionet_5_third_50000_139921.jpg,0,1,0,0,2
emotionet_5_third_50000_139928.jpg,0,0,0,0,2
emotionet_5_third_50000_139936.jpeg,0,0,0,8,0
emotionet_5_third_50000_139953.jpg,0,0,0,8,2
emotionet_5_third_50000_139954.jpg,0,0,0,0,2
emotionet_5_third_50000_139985.jpg,0,0,0,1,2
emotionet_5_third_50000_140012.jpg,0,0,0,1,1
emotionet_5_third_50000_140131.jpg,0,0,0,6,2
emotionet_5_third_50000_140136.jpg,0,0,0,6,2
emotionet_5_third_50000_140253.jpg,0,1,0,1,2
emotionet_5_third_50000_140254.jpg,0,1,0,1,2
emotionet_5_third_50000_140282.jpg,0,0,0,0,2
emotionet_5_third_50000_140302.jpg,0,0,0,1,2
emotionet_5_third_50000_140408.jpg,1,0,0,7,2
emotionet_5_third_50000_140499.jpg,0,0,0,1,1
emotionet_5_third_50000_140510.jpeg,0,0,0,0,2
emotionet_5_third_50000_140525.jpg,0,0,0,1,2
emotionet_5_third_50000_140586.jpg,0,0,0,0,2
emotionet_5_third_50000_140588.jpg,0,0,0,1,2
emotionet_5_third_50000_140632.jpg,0,0,0,3,2
emotionet_5_third_50000_140647.jpg,0,0,0,3,2
emotionet_5_third_50000_140696.jpg,0,0,0,6,2
emotionet_5_third_50000_140698.jpg,0,0,0,3,2
emotionet_5_third_50000_140718.jpg,0,0,1,1,1
emotionet_5_third_50000_140779.JPG,0,0,1,2,2
emotionet_5_third_50000_140801.jpg,0,0,0,7,1
emotionet_5_third_50000_140806.jpg,0,0,0,6,2
emotionet_5_third_50000_140890.jpg,1,0,1,8,0
emotionet_5_third_50000_140919.jpg,0,0,0,1,2
emotionet_5_third_50000_140922.jpg,0,0,0,5,1
emotionet_5_third_50000_140925.jpg,0,0,0,0,0
emotionet_5_third_50000_140943.JPG,0,0,0,1,1
emotionet_5_third_50000_140950.jpg,0,0,0,3,2
emotionet_5_third_50000_140986.jpg,0,0,0,2,2
emotionet_5_third_50000_141047.jpg,0,0,0,0,2
emotionet_5_third_50000_141072.jpg,0,0,1,1,2
emotionet_5_third_50000_141075.jpg,0,0,0,3,2
emotionet_5_third_50000_141096.jpg,0,0,0,3,2
emotionet_5_third_50000_141156.jpg,0,0,0,8,3
emotionet_5_third_50000_141158.jpg,0,0,0,1,1
emotionet_5_third_50000_141163.jpg,0,0,1,5,1
emotionet_5_third_50000_141187.jpg,0,0,0,8,3
emotionet_5_third_50000_141246.jpg,0,0,0,3,1
emotionet_5_third_50000_141290.jpg,0,0,1,6,2
emotionet_5_third_50000_141297.jpg,0,0,1,0,2
emotionet_5_third_50000_141310.jpg,0,0,0,0,2
emotionet_5_third_50000_141319.jpg,0,0,1,1,2
emotionet_5_third_50000_141343.jpeg,0,0,0,3,3
emotionet_5_third_50000_141372.jpeg,0,0,0,2,2
emotionet_5_third_50000_141376.jpeg,0,0,0,0,2
emotionet_5_third_50000_141381.jpg,0,0,0,0,2
emotionet_5_third_50000_141386.jpg,0,0,0,1,2
emotionet_5_third_50000_141505.jpg,0,0,0,1,2
emotionet_5_third_50000_141530.jpg,0,0,0,0,0
emotionet_5_third_50000_141580.JPG,0,0,0,3,2
emotionet_5_third_50000_141594.jpg,0,0,1,3,2
emotionet_5_third_50000_141612.jpg,0,0,0,3,2
emotionet_5_third_50000_141615.jpg,0,0,0,1,2
emotionet_5_third_50000_141620.jpg,0,0,0,0,2
emotionet_5_third_50000_141629.jpg,0,0,0,0,0
emotionet_5_third_50000_141655.jpg,0,0,0,6,2
emotionet_5_third_50000_141684.jpg,1,0,0,5,2
emotionet_5_third_50000_141800.JPG,0,0,1,1,2
emotionet_5_third_50000_141853.jpg,0,0,0,5,2
emotionet_5_third_50000_141861.jpg,0,0,0,3,2
emotionet_5_third_50000_141930.jpg,0,1,0,3,2
emotionet_5_third_50000_141993.jpg,0,1,0,3,2
emotionet_5_third_50000_142036.jpg,0,0,1,2,2
emotionet_5_third_50000_142092.jpg,0,0,1,5,2
emotionet_5_third_50000_142167.jpg,0,1,0,0,2
emotionet_5_third_50000_142183.jpg,0,0,0,1,2
emotionet_5_third_50000_142202.jpg,0,0,0,5,2
emotionet_5_third_50000_142205.jpg,0,0,0,1,2
emotionet_5_third_50000_142239.jpg,0,0,1,0,2
emotionet_5_third_50000_142270.jpg,0,0,1,2,1
emotionet_5_third_50000_142279.jpg,0,0,2,3,2
emotionet_5_third_50000_142382.jpg,0,0,0,3,2
emotionet_5_third_50000_142425.jpg,1,0,0,5,2
emotionet_5_third_50000_142459.jpg,1,0,0,5,2
emotionet_5_third_50000_142481.jpg,0,0,1,5,1
emotionet_5_third_50000_142573.jpg,0,1,0,0,2
emotionet_5_third_50000_142574.jpg,0,0,1,5,1
emotionet_5_third_50000_142599.jpg,0,0,0,3,2
emotionet_5_third_50000_142618.jpg,1,0,1,2,2
emotionet_5_third_50000_142658.jpg,1,0,0,5,1
emotionet_5_third_50000_142664.jpg,0,1,0,5,2
emotionet_5_third_50000_142689.jpg,0,0,0,4,2
emotionet_5_third_50000_142700.jpg,0,0,0,5,2
emotionet_5_third_50000_142707.jpg,0,0,0,2,1
emotionet_5_third_50000_142747.jpg,0,0,0,1,2
emotionet_5_third_50000_142749.jpg,1,0,0,1,2
emotionet_5_third_50000_142791.jpg,0,0,0,3,2
emotionet_5_third_50000_142796.jpg,0,0,0,1,2
emotionet_5_third_50000_142798.jpg,1,1,1,5,2
emotionet_5_third_50000_142819.jpg,0,0,0,0,2
emotionet_5_third_50000_142850.jpg,0,0,1,3,1
emotionet_5_third_50000_142857.jpg,0,0,0,3,2
emotionet_5_third_50000_142859.jpg,0,0,0,5,2
emotionet_5_third_50000_142862.jpg,0,0,0,2,2
emotionet_5_third_50000_143024.jpg,0,0,0,0,2
emotionet_5_third_50000_143051.jpg,0,0,0,0,2
emotionet_5_third_50000_143100.jpg,0,0,0,0,0
emotionet_5_third_50000_143107.jpg,0,0,0,0,0
emotionet_5_third_50000_143109.jpg,0,0,0,0,0
emotionet_5_third_50000_143172.jpg,0,0,0,0,0
emotionet_5_third_50000_143191.jpg,0,0,0,0,0
emotionet_5_third_50000_143196.jpg,0,0,0,0,0
emotionet_5_third_50000_143210.jpg,0,0,0,0,0
emotionet_5_third_50000_143250.jpg,0,0,0,0,0
emotionet_5_third_50000_143262.jpg,0,0,0,0,0
emotionet_5_third_50000_143265.jpg,0,0,0,0,0
emotionet_5_third_50000_143333.jpg,0,0,0,0,0
emotionet_5_third_50000_143341.jpg,0,0,0,0,0
emotionet_5_third_50000_143373.jpg,0,0,0,1,2
emotionet_5_third_50000_143374.jpg,0,0,0,0,0
emotionet_5_third_50000_143384.JPG,0,0,0,0,0
emotionet_5_third_50000_143390.jpg,0,0,0,0,0
emotionet_5_third_50000_143430.jpg,0,0,0,0,0
emotionet_5_third_50000_143437.jpg,0,0,0,0,0
emotionet_5_third_50000_143439.jpg,0,0,0,1,2
emotionet_5_third_50000_143442.jpg,0,0,0,0,0
emotionet_5_third_50000_143445.jpg,0,0,0,3,1
emotionet_5_third_50000_143477.jpeg,1,0,0,3,3
emotionet_5_third_50000_143479.jpg,0,0,0,0,0
emotionet_5_third_50000_143493.jpg,0,0,0,0,0
emotionet_5_third_50000_143513.jpg,0,0,0,0,0
emotionet_5_third_50000_143514.jpg,0,0,0,0,0
emotionet_5_third_50000_143603.jpg,0,0,0,6,2
emotionet_5_third_50000_143604.jpg,0,0,0,0,0
emotionet_5_third_50000_143617.JPG,0,0,0,0,0
emotionet_5_third_50000_143636.jpg,0,0,0,0,0
emotionet_5_third_50000_143678.jpg,0,0,0,1,2
emotionet_5_third_50000_143720.jpg,0,0,0,0,0
emotionet_5_third_50000_143729.jpg,0,0,0,0,0
emotionet_5_third_50000_143783.jpg,0,0,0,0,0
emotionet_5_third_50000_143784.jpg,0,0,0,0,0
emotionet_5_third_50000_143839.jpg,0,0,0,0,0
emotionet_5_third_50000_143842.jpg,0,0,0,1,1
emotionet_5_third_50000_143954.jpg,0,0,0,1,2
emotionet_5_third_50000_143966.jpg,0,0,0,8,3
emotionet_5_third_50000_143985.jpg,0,0,0,8,3
emotionet_5_third_50000_144013.jpg,1,0,0,5,1
emotionet_5_third_50000_144098.JPG,0,0,0,5,1
emotionet_5_third_50000_144267.jpg,0,0,0,0,2
emotionet_5_third_50000_144269.jpg,0,0,0,0,2
emotionet_5_third_50000_144303.jpg,1,0,0,0,2
emotionet_5_third_50000_144331.jpg,0,0,0,0,2
emotionet_5_third_50000_144336.jpg,0,0,0,1,2
emotionet_5_third_50000_144378.jpg,0,0,0,5,2
emotionet_5_third_50000_144447.jpg,0,0,0,8,3
emotionet_5_third_50000_144449.jpg,0,0,0,3,2
emotionet_5_third_50000_144511.jpg,0,0,0,1,2
emotionet_5_third_50000_144556.jpg,0,0,0,1,2
emotionet_5_third_50000_144564.jpg,0,0,0,3,2
emotionet_5_third_50000_144587.jpg,0,0,0,0,2
emotionet_5_third_50000_144641.jpg,0,0,2,1,2
emotionet_5_third_50000_144655.JPG,0,0,0,1,2
emotionet_5_third_50000_144673.jpg,0,0,0,1,2
emotionet_5_third_50000_144690.jpg,0,0,0,1,2
emotionet_5_third_50000_144719.jpg,0,0,0,3,2
emotionet_5_third_50000_144725.jpg,0,0,0,1,1
emotionet_5_third_50000_144750.jpg,0,0,0,1,2
emotionet_5_third_50000_144757.jpg,0,0,0,1,2
emotionet_5_third_50000_144759.jpg,0,0,2,8,0
emotionet_5_third_50000_144765.jpg,0,0,0,4,2
emotionet_5_third_50000_144786.jpg,0,0,1,1,2
emotionet_5_third_50000_144788.jpg,0,0,0,1,2
emotionet_5_third_50000_144800.jpg,0,0,0,1,2
emotionet_5_third_50000_144832.jpg,0,0,0,1,2
emotionet_5_third_50000_144835.jpg,0,0,0,1,2
emotionet_5_third_50000_144840.jpg,0,0,0,1,2
emotionet_5_third_50000_144849.jpg,0,0,0,0,2
emotionet_5_third_50000_144885.JPG,0,0,0,3,2
emotionet_5_third_50000_144898.jpg,0,0,0,5,2
emotionet_5_third_50000_144902.JPG,0,0,0,0,2
emotionet_5_third_50000_144905.JPG,0,0,0,1,2
emotionet_5_third_50000_144924.jpg,0,0,0,3,2
emotionet_5_third_50000_144989.jpg,0,0,0,3,2
emotionet_5_third_50000_145001.jpg,0,0,0,0,2
emotionet_5_third_50000_145033.jpg,0,0,1,0,2
emotionet_5_third_50000_145041.jpg,1,0,1,5,2
emotionet_5_third_50000_145046.jpg,0,0,1,8,0
emotionet_5_third_50000_145048.jpg,0,0,0,0,2
emotionet_5_third_50000_145090.jpg,0,0,0,1,2
emotionet_5_third_50000_145097.jpg,0,0,0,3,2
emotionet_5_third_50000_145099.jpg,0,0,0,1,2
emotionet_5_third_50000_145117.jpg,0,0,0,1,2
emotionet_5_third_50000_145125.jpg,0,0,0,3,2
emotionet_5_third_50000_145159.jpg,0,0,0,0,2
emotionet_5_third_50000_145162.jpg,0,0,0,4,2
emotionet_5_third_50000_145166.jpeg,1,0,2,8,3
emotionet_5_third_50000_145188.jpg,0,0,0,1,1
emotionet_5_third_50000_145200.jpg,0,0,0,1,2
emotionet_5_third_50000_145232.jpg,0,0,0,0,2
emotionet_5_third_50000_145298.jpg,0,0,0,5,1
emotionet_5_third_50000_145324.jpg,0,0,0,0,2
emotionet_5_third_50000_145356.jpg,0,0,0,0,2
emotionet_5_third_50000_145387.jpg,0,0,0,1,2
emotionet_5_third_50000_145389.jpg,0,0,1,8,1
emotionet_5_third_50000_145420.jpg,0,0,0,5,2
emotionet_5_third_50000_145452.jpg,0,0,0,0,2
emotionet_5_third_50000_145455.jpg,0,0,0,0,2
emotionet_5_third_50000_145460.jpg,0,0,0,1,3
emotionet_5_third_50000_145538.jpg,0,0,0,0,2
emotionet_5_third_50000_145543.jpg,0,0,0,3,2
emotionet_5_third_50000_145544.jpg,0,0,0,1,2
emotionet_5_third_50000_145571.jpg,0,0,0,6,2
emotionet_5_third_50000_145595.jpg,0,0,0,0,2
emotionet_5_third_50000_145613.jpg,0,0,2,5,2
emotionet_5_third_50000_145653.jpg,1,0,0,2,2
emotionet_5_third_50000_145666.jpg,0,0,2,0,2
emotionet_5_third_50000_145668.jpg,0,0,0,0,0
emotionet_5_third_50000_145730.jpg,0,0,2,8,0
emotionet_5_third_50000_145739.jpg,0,0,0,1,2
emotionet_5_third_50000_145793.jpg,0,0,0,0,0
emotionet_5_third_50000_145794.jpg,0,0,0,1,2
emotionet_5_third_50000_145829.jpg,0,0,0,0,0
emotionet_5_third_50000_145852.jpg,0,0,0,1,3
emotionet_5_third_50000_145869.jpg,0,0,0,1,2
emotionet_5_third_50000_145883.jpg,0,0,0,6,2
emotionet_5_third_50000_145884.jpg,0,0,0,7,2
emotionet_5_third_50000_146002.jpg,0,0,0,1,2
emotionet_5_third_50000_146037.jpg,0,0,0,8,3
emotionet_5_third_50000_146064.JPG,0,0,0,3,2
emotionet_5_third_50000_146070.jpg,0,0,0,3,3
emotionet_5_third_50000_146077.jpg,0,0,0,3,2
emotionet_5_third_50000_146079.jpg,0,0,0,3,2
emotionet_5_third_50000_146100.JPG,0,0,0,0,2
emotionet_5_third_50000_146114.jpg,0,0,0,1,2
emotionet_5_third_50000_146126.jpg,0,0,0,1,2
emotionet_5_third_50000_146128.jpg,0,0,0,3,2
emotionet_5_third_50000_146154.jpg,0,0,0,0,0
emotionet_5_third_50000_146203.jpg,0,0,0,0,2
emotionet_5_third_50000_146231.jpg,0,0,0,1,2
emotionet_5_third_50000_146236.jpg,0,0,0,1,2
emotionet_5_third_50000_146278.jpg,0,0,0,3,2
emotionet_5_third_50000_146292.jpg,0,0,0,6,2
emotionet_5_third_50000_146295.jpg,0,1,0,1,2
emotionet_5_third_50000_146367.jpg,0,0,0,0,3
emotionet_5_third_50000_146369.jpg,0,0,0,8,0
emotionet_5_third_50000_146418.jpg,0,0,0,0,3
emotionet_5_third_50000_146480.jpg,0,0,0,0,2
emotionet_5_third_50000_146487.jpg,0,0,0,7,2
emotionet_5_third_50000_146535.jpg,0,0,0,1,2
emotionet_5_third_50000_146540.jpg,0,0,0,3,2
emotionet_5_third_50000_146596.jpg,0,0,0,0,0
emotionet_5_third_50000_146625.jpg,0,0,0,0,2
emotionet_5_third_50000_146657.jpg,0,0,0,3,2
emotionet_5_third_50000_146662.jpg,0,0,0,3,2
emotionet_5_third_50000_146686.jpg,0,0,0,3,2
emotionet_5_third_50000_146688.jpg,0,0,0,1,2
emotionet_5_third_50000_146741.jpg,0,0,0,0,2
emotionet_5_third_50000_146773.jpg,0,0,0,3,2
emotionet_5_third_50000_146774.jpg,0,0,0,5,2
emotionet_5_third_50000_146790.jpg,0,0,1,0,2
emotionet_5_third_50000_146797.jpg,0,0,0,1,2
emotionet_5_third_50000_146811.jpg,0,0,0,0,0
emotionet_5_third_50000_146818.jpg,0,0,0,3,2
emotionet_5_third_50000_146823.jpg,0,0,1,1,2
emotionet_5_third_50000_146824.jpg,0,0,1,1,2
emotionet_5_third_50000_146858.jpg,0,0,0,1,2
emotionet_5_third_50000_146932.jpg,1,0,0,2,2
emotionet_5_third_50000_146935.jpg,0,0,0,0,2
emotionet_5_third_50000_146998.jpg,0,0,0,1,2
emotionet_5_third_50000_147017.jpg,0,0,0,8,3
emotionet_5_third_50000_147019.jpg,0,0,0,1,2
emotionet_5_third_50000_147022.jpg,0,0,0,3,2
emotionet_5_third_50000_147059.jpg,0,0,0,0,2
emotionet_5_third_50000_147088.jpg,0,0,0,1,1
emotionet_5_third_50000_147101.jpg,0,0,0,1,2
emotionet_5_third_50000_147106.jpg,1,0,0,8,3
emotionet_5_third_50000_147190.jpg,1,0,0,3,2
emotionet_5_third_50000_147197.jpg,0,0,0,0,0
emotionet_5_third_50000_147199.jpg,0,0,0,7,2
emotionet_5_third_50000_147216.jpg,0,0,0,0,2
emotionet_5_third_50000_147224.jpg,0,0,0,3,2
emotionet_5_third_50000_147289.jpg,0,0,1,1,2
emotionet_5_third_50000_147307.jpg,0,0,0,0,2
emotionet_5_third_50000_147349.jpg,0,0,1,1,2
emotionet_5_third_50000_147438.jpg,0,0,0,1,2
emotionet_5_third_50000_147443.jpg,0,0,1,1,2
emotionet_5_third_50000_147478.jpg,0,0,0,0,2
emotionet_5_third_50000_147555.jpg,0,0,0,8,3
emotionet_5_third_50000_147670.jpg,0,0,0,3,2
emotionet_5_third_50000_147677.jpg,0,0,1,0,2
emotionet_5_third_50000_147693.jpg,0,0,0,1,2
emotionet_5_third_50000_147694.jpg,0,0,0,1,2
emotionet_5_third_50000_147713.jpg,0,0,1,1,1
emotionet_5_third_50000_147714.jpg,0,0,0,3,2
emotionet_5_third_50000_147728.jpg,0,0,0,1,1
emotionet_5_third_50000_147754.jpg,0,0,1,1,1
emotionet_5_third_50000_147803.jpg,0,0,0,1,1
emotionet_5_third_50000_147831.jpg,0,0,1,0,2
emotionet_5_third_50000_147912.jpg,0,0,0,0,2
emotionet_5_third_50000_147915.jpg,0,0,0,0,2
emotionet_5_third_50000_147920.jpg,0,0,1,5,2
emotionet_5_third_50000_147929.jpg,0,0,0,3,2
emotionet_5_third_50000_147955.jpg,0,0,0,1,2
emotionet_5_third_50000_147984.jpg,0,1,0,1,2
emotionet_5_third_50000_148008.jpg,0,0,0,1,2
emotionet_5_third_50000_148074.jpg,0,0,0,0,2
emotionet_5_third_50000_148090.jpg,0,0,0,2,2
emotionet_5_third_50000_148097.jpg,0,0,1,1,1
emotionet_5_third_50000_148099.jpg,0,0,0,3,2
emotionet_5_third_50000_148110.jpg,0,0,0,7,2
emotionet_5_third_50000_148119.jpg,0,0,0,1,2
emotionet_5_third_50000_148181.jpg,0,0,0,1,2
emotionet_5_third_50000_148272.jpg,0,0,0,8,3
emotionet_5_third_50000_148275.jpg,0,0,0,1,2
emotionet_5_third_50000_148318.jpg,0,0,0,8,3
emotionet_5_third_50000_148339.JPG,0,0,2,3,2
emotionet_5_third_50000_148356.jpg,0,0,0,3,2
emotionet_5_third_50000_148380.jpg,0,0,0,0,0
emotionet_5_third_50000_148387.jpg,0,0,0,6,2
emotionet_5_third_50000_148412.jpg,0,0,0,1,2
emotionet_5_third_50000_148420.jpg,0,0,0,1,2
emotionet_5_third_50000_148427.jpg,0,0,0,1,2
emotionet_5_third_50000_148469.jpg,0,0,0,1,2
emotionet_5_third_50000_148503.jpg,0,0,0,3,3
emotionet_5_third_50000_148504.jpg,0,0,0,1,2
emotionet_5_third_50000_148576.jpg,0,0,0,6,2
emotionet_5_third_50000_148578.jpg,0,0,0,0,2
emotionet_5_third_50000_148614.jpg,1,0,0,5,2
emotionet_5_third_50000_148661.jpg,1,0,0,7,2
emotionet_5_third_50000_148666.jpg,0,0,0,0,2
emotionet_5_third_50000_148668.jpg,0,0,0,1,2
emotionet_5_third_50000_148702.jpg,0,0,0,1,2
emotionet_5_third_50000_148705.jpg,0,0,0,1,2
emotionet_5_third_50000_148730.jpg,0,0,0,1,2
emotionet_5_third_50000_148739.jpg,0,0,0,3,2
emotionet_5_third_50000_148742.jpg,1,0,0,5,2
emotionet_5_third_50000_148745.jpg,0,0,0,3,2
emotionet_5_third_50000_148779.jpg,0,0,0,0,2
emotionet_5_third_50000_148793.jpg,0,0,0,0,2
emotionet_5_third_50000_148829.jpg,1,0,0,3,2
emotionet_5_third_50000_148855.jpg,0,0,0,0,2
emotionet_5_third_50000_148867.jpg,0,0,0,3,2
emotionet_5_third_50000_148883.jpg,0,0,0,3,2
emotionet_5_third_50000_148884.jpg,0,0,0,1,2
emotionet_5_third_50000_148976.jpg,0,0,0,3,2
emotionet_5_third_50000_148978.jpg,0,0,0,1,2
emotionet_5_third_50000_149026.jpg,0,0,0,3,2
emotionet_5_third_50000_149053.jpg,0,0,1,0,2
emotionet_5_third_50000_149082.jpg,0,0,0,3,3
emotionet_5_third_50000_149085.jpg,0,0,0,1,2
emotionet_5_third_50000_149102.jpg,0,0,0,7,2
emotionet_5_third_50000_149105.jpg,0,0,0,0,2
emotionet_5_third_50000_149139.jpg,0,0,0,3,2
emotionet_5_third_50000_149142.jpg,0,0,0,0,2
emotionet_5_third_50000_149170.jpg,0,0,0,2,2
emotionet_5_third_50000_149179.jpg,0,0,0,1,2
emotionet_5_third_50000_149215.jpg,0,0,0,2,2
emotionet_5_third_50000_149229.jpg,0,0,0,0,2
emotionet_5_third_50000_149255.jpg,0,0,0,0,2
emotionet_5_third_50000_149260.jpg,0,0,0,0,0
emotionet_5_third_50000_149267.jpg,0,0,0,0,2
emotionet_5_third_50000_149269.jpg,0,0,0,3,2
emotionet_5_third_50000_149283.jpg,0,0,0,1,2
emotionet_5_third_50000_149336.jpg,0,0,0,3,2
emotionet_5_third_50000_149338.jpg,0,0,0,8,3
emotionet_5_third_50000_149344.jpg,0,0,0,1,2
emotionet_5_third_50000_149392.jpg,0,0,0,3,2
emotionet_5_third_50000_149395.jpg,0,0,0,8,0
emotionet_5_third_50000_149432.jpg,1,0,0,6,2
emotionet_5_third_50000_149435.jpg,0,0,0,1,2
emotionet_5_third_50000_149447.jpg,0,0,0,1,1
emotionet_5_third_50000_149449.jpg,,,,,
emotionet_5_third_50000_149491.jpg,,,,,
emotionet_5_third_50000_149498.jpg,,,,,
